Relative Path,Original Size,Scale,Has Alpha,File Type,ICC Profile,Lossless Size,Lossless No Alpha Size,lossy_q75_m0_a100,lossy_q75_m0_a80,lossy_q75_m0_no_alpha,lossy_q75_m4_a100,lossy_q75_m4_a80,lossy_q75_m4_no_alpha,lossy_q75_m6_a100,lossy_q75_m6_a80,lossy_q75_m6_no_alpha,lossy_q50_m0_a100,lossy_q50_m0_a80,lossy_q50_m0_no_alpha,lossy_q50_m4_a100,lossy_q50_m4_a80,lossy_q50_m4_no_alpha,lossy_q50_m6_a100,lossy_q50_m6_a80,lossy_q50_m6_no_alpha,lossy_q25_m0_a100,lossy_q25_m0_a80,lossy_q25_m0_no_alpha,lossy_q25_m4_a100,lossy_q25_m4_a80,lossy_q25_m4_no_alpha,lossy_q25_m6_a100,lossy_q25_m6_a80,lossy_q25_m6_no_alpha
images/bg-disallowed.png,593,17x17,True,PNG,Unknown,740,656,788,788,682,782,782,680,738,782,680,788,788,682,782,782,680,738,782,680,788,788,682,782,782,680,738,782,680
images/news/20150524-ra-map-chooser.png,34180,600x300,False,PNG,None,23036,N/A,N/A,N/A,29064,N/A,N/A,22900,N/A,N/A,22414,N/A,N/A,23812,N/A,N/A,18570,N/A,N/A,17896,N/A,N/A,18202,N/A,N/A,13562,N/A,N/A,12868
images/about/tiberian-sun.jpg,94759,624x351,False,JPG,None,363356,N/A,N/A,N/A,60206,N/A,N/A,56566,N/A,N/A,54120,N/A,N/A,44860,N/A,N/A,41090,N/A,N/A,38384,N/A,N/A,30100,N/A,N/A,25560,N/A,N/A,23208
images/news/20130514-ra-shellmap.png,402317,620x349,False,PNG,None,354958,N/A,N/A,N/A,36002,N/A,N/A,31402,N/A,N/A,28432,N/A,N/A,23978,N/A,N/A,20548,N/A,N/A,17958,N/A,N/A,15230,N/A,N/A,11768,N/A,N/A,10710
images/about/fractured-realms.jpg,73445,624x351,False,JPG,None,287752,N/A,N/A,N/A,41996,N/A,N/A,38932,N/A,N/A,36394,N/A,N/A,29984,N/A,N/A,27428,N/A,N/A,24870,N/A,N/A,20416,N/A,N/A,16932,N/A,N/A,15470
images/news/20150424-cnc-server-browser.png,69033,600x300,False,PNG,None,42756,N/A,N/A,N/A,16274,N/A,N/A,13158,N/A,N/A,12772,N/A,N/A,13762,N/A,N/A,10710,N/A,N/A,10366,N/A,N/A,10958,N/A,N/A,7916,N/A,N/A,7618
images/news/20210321-spotlight-soon.jpg,91388,1200x674,False,JPG,Unknown,211626,N/A,N/A,N/A,24906,N/A,N/A,19476,N/A,N/A,18976,N/A,N/A,20758,N/A,N/A,15652,N/A,N/A,15214,N/A,N/A,15902,N/A,N/A,12044,N/A,N/A,11644
images/news/20150808-d2k-range-circles.png,97939,599x299,False,PNG,None,67158,N/A,N/A,N/A,52074,N/A,N/A,48126,N/A,N/A,45384,N/A,N/A,39312,N/A,N/A,35164,N/A,N/A,32346,N/A,N/A,26634,N/A,N/A,21948,N/A,N/A,19906
images/heroes/red-alert.png,51556,624x351,True,PNG,None,44876,44876,49760,49760,49760,42384,42384,42384,40662,40662,40662,39414,39414,39414,32654,32654,32654,30766,30766,30766,28728,28728,28728,21994,21994,21994,20348,20348,20348
images/about/red-alert.png,51556,624x351,True,PNG,None,44876,44876,49760,49760,49760,42384,42384,42384,40662,40662,40662,39414,39414,39414,32654,32654,32654,30766,30766,30766,28728,28728,28728,21994,21994,21994,20348,20348,20348
images/news/20241116-eva.webp,197562,951x645,False,WEBP,Unknown,194536,N/A,N/A,N/A,71128,N/A,N/A,62152,N/A,N/A,60016,N/A,N/A,60480,N/A,N/A,50160,N/A,N/A,48662,N/A,N/A,46944,N/A,N/A,35462,N/A,N/A,33750
images/news/20160403-d2k-adv-settings.png,37494,600x300,False,PNG,None,22160,N/A,N/A,N/A,25928,N/A,N/A,21156,N/A,N/A,20510,N/A,N/A,23316,N/A,N/A,17658,N/A,N/A,17066,N/A,N/A,18994,N/A,N/A,13590,N/A,N/A,12628
images/news/20151031-scrolling.png,67650,600x300,True,PNG,None,57610,57610,49702,49702,49702,47042,47042,47042,45390,45390,45390,37724,37724,37724,35426,35426,35426,32888,32888,32888,25606,25606,25606,21692,21692,21692,19342,19342,19342
images/heroes/dune-2000.png,98083,624x351,True,PNG,None,88810,88810,68202,68202,68202,64684,64684,64684,62552,62552,62552,50446,50446,50446,48050,48050,48050,44734,44734,44734,33696,33696,33696,28088,28088,28088,24946,24946,24946
images/about/command-and-conquer.png,93374,624x351,True,PNG,None,84054,84054,68434,68434,68434,65624,65624,65624,63522,63522,63522,52170,52170,52170,48854,48854,48854,45714,45714,45714,35436,35436,35436,30512,30512,30512,27036,27036,27036
images/about/dune-2000.png,98083,624x351,True,PNG,None,88810,88810,68202,68202,68202,64684,64684,64684,62552,62552,62552,50446,50446,50446,48050,48050,48050,44734,44734,44734,33696,33696,33696,28088,28088,28088,24946,24946,24946
images/heroes/command-and-conquer.png,93374,624x351,True,PNG,None,84054,84054,68434,68434,68434,65624,65624,65624,63522,63522,63522,52170,52170,52170,48854,48854,48854,45714,45714,45714,35436,35436,35436,30512,30512,30512,27036,27036,27036
images/social.png,1464333,1200x630,False,PNG,None,1262874,N/A,N/A,N/A,175314,N/A,N/A,152490,N/A,N/A,143120,N/A,N/A,128884,N/A,N/A,107686,N/A,N/A,99410,N/A,N/A,85312,N/A,N/A,64884,N/A,N/A,58932
images/social.jpg,98618,1200x630,False,JPG,None,764270,N/A,N/A,N/A,137538,N/A,N/A,118930,N/A,N/A,116708,N/A,N/A,109046,N/A,N/A,91746,N/A,N/A,88704,N/A,N/A,77390,N/A,N/A,61698,N/A,N/A,59184
images/news/20160904-cnc-contentinstall.png,11845,600x350,True,PNG,None,11020,11020,23302,23302,23302,19026,19026,19026,18630,18630,18630,20380,20380,20380,15872,15872,15872,15548,15548,15548,16456,16456,16456,12214,12214,12214,11838,11838,11838
images/news/20150118-cnc-colored-game-servers-heading.png,64952,600x300,False,PNG,None,39484,N/A,N/A,N/A,16728,N/A,N/A,13190,N/A,N/A,12948,N/A,N/A,13684,N/A,N/A,10876,N/A,N/A,10586,N/A,N/A,10842,N/A,N/A,7888,N/A,N/A,7492
images/news/20151031-d2k.png,83193,600x300,True,PNG,None,75286,75286,61958,61958,61958,58122,58122,58122,55888,55888,55888,46418,46418,46418,42588,42588,42588,39944,39944,39944,31596,31596,31596,27100,27100,27100,24232,24232,24232
images/news/20170401-chrono-speed-up.png,35160,347x221,False,PNG,None,25726,N/A,N/A,N/A,17876,N/A,N/A,15938,N/A,N/A,15144,N/A,N/A,14468,N/A,N/A,12086,N/A,N/A,10978,N/A,N/A,10360,N/A,N/A,7498,N/A,N/A,6584
images/news/20140927-aircraft.png,64686,600x300,True,PNG,None,64452,64452,53826,53826,53826,51324,51324,51324,49776,49776,49776,40504,40504,40504,38064,38064,38064,35518,35518,35518,26392,26392,26392,22434,22434,22434,19840,19840,19840
images/news/20200629-selection.png,248584,600x300,False,PNG,None,245352,N/A,N/A,N/A,39614,N/A,N/A,35454,N/A,N/A,33546,N/A,N/A,28816,N/A,N/A,25674,N/A,N/A,23914,N/A,N/A,18478,N/A,N/A,15416,N/A,N/A,14334
images/news/20160403-ra-team-colors.png,37336,600x300,False,PNG,None,28776,N/A,N/A,N/A,35086,N/A,N/A,28198,N/A,N/A,27178,N/A,N/A,28008,N/A,N/A,22020,N/A,N/A,21086,N/A,N/A,21004,N/A,N/A,15864,N/A,N/A,15012
images/news/20140608-ra.png,41309,600x300,True,PNG,None,36352,36352,31008,31008,31008,26056,26056,26056,24636,24636,24636,24028,24028,24028,19552,19552,19552,18186,18186,18186,17692,17692,17692,12890,12890,12890,11644,11644,11644
images/news/20150614-web-server-browser.png,40484,600x300,False,PNG,None,24556,N/A,N/A,N/A,22062,N/A,N/A,18896,N/A,N/A,18554,N/A,N/A,18878,N/A,N/A,15456,N/A,N/A,15178,N/A,N/A,14196,N/A,N/A,11472,N/A,N/A,11272
images/news/20150628-editor.png,37587,600x300,True,PNG,None,37692,37692,38722,38722,38722,34228,34228,34228,32124,32124,32124,29976,29976,29976,24392,24392,24392,22130,22130,22130,20104,20104,20104,14384,14384,14384,12280,12280,12280
images/news/20160403-cnc-restart-dialog.png,63097,600x301,False,PNG,None,53854,N/A,N/A,N/A,27634,N/A,N/A,24776,N/A,N/A,23042,N/A,N/A,21744,N/A,N/A,18116,N/A,N/A,17126,N/A,N/A,15640,N/A,N/A,12010,N/A,N/A,11252
images/news/20140709-techlevels.png,39869,600x300,True,PNG,None,39834,39834,17582,17582,17582,14414,14414,14414,13956,13956,13956,15526,15526,15526,11806,11806,11806,11368,11368,11368,12828,12828,12828,8858,8858,8858,8308,8308,8308
images/news/20170923-assaultmove.gif,29590,600x300,True,GIF,None,14896,14896,20442,20442,20442,16112,16112,16112,15362,15362,15362,15042,15042,15042,12004,12004,12004,11586,11586,11586,11110,11110,11110,8244,8244,8244,7820,7820,7820
images/news/20160821-sneakpeek-score-screen.png,49884,600x300,False,PNG,None,50486,N/A,N/A,N/A,18916,N/A,N/A,15562,N/A,N/A,14410,N/A,N/A,15042,N/A,N/A,11582,N/A,N/A,11100,N/A,N/A,12004,N/A,N/A,8348,N/A,N/A,7888
images/news/20151031-modders.png,12917,600x300,True,PNG,None,11844,11844,22038,22038,22038,16376,16376,16376,15712,15712,15712,15368,15368,15368,12798,12798,12798,11892,11892,11892,11022,11022,11022,8354,8354,8354,7960,7960,7960
images/news/20151114-copypaste.png,60084,600x300,False,PNG,None,41866,N/A,N/A,N/A,40870,N/A,N/A,36666,N/A,N/A,34964,N/A,N/A,31298,N/A,N/A,26574,N/A,N/A,24808,N/A,N/A,21606,N/A,N/A,16308,N/A,N/A,14036
images/news/20161001-ra-lobby-mission-briefing.png,22876,600x300,False,PNG,None,13710,N/A,N/A,N/A,24726,N/A,N/A,21286,N/A,N/A,20766,N/A,N/A,20486,N/A,N/A,17374,N/A,N/A,16790,N/A,N/A,15610,N/A,N/A,12846,N/A,N/A,12284
images/bg-texture.jpg,148940,1280x1280,False,JPG,Unknown,637174,N/A,N/A,N/A,14878,N/A,N/A,16482,N/A,N/A,14576,N/A,N/A,7980,N/A,N/A,7750,N/A,N/A,7544,N/A,N/A,5610,N/A,N/A,6078,N/A,N/A,6072
images/news/20171014-commandbar.png,207816,1200x600,False,PNG,None,151220,N/A,N/A,N/A,135108,N/A,N/A,122008,N/A,N/A,116444,N/A,N/A,102586,N/A,N/A,86836,N/A,N/A,82800,N/A,N/A,74670,N/A,N/A,56880,N/A,N/A,54698
images/news/20140608-mapdownloadspawns.png,107506,600x300,False,PNG,None,98760,N/A,N/A,N/A,20586,N/A,N/A,16354,N/A,N/A,15602,N/A,N/A,17394,N/A,N/A,12930,N/A,N/A,12158,N/A,N/A,13492,N/A,N/A,9440,N/A,N/A,8810
images/news/20150424-cnc-mission-difficulty.png,81919,600x300,False,PNG,None,77310,N/A,N/A,N/A,19766,N/A,N/A,17012,N/A,N/A,16668,N/A,N/A,17948,N/A,N/A,14390,N/A,N/A,14022,N/A,N/A,14816,N/A,N/A,11380,N/A,N/A,11028
images/news/20131223-d2k-battle.png,60416,600x300,True,PNG,None,53466,53466,46024,46024,46024,42386,42386,42386,39918,39918,39918,32578,32578,32578,29046,29046,29046,26894,26894,26894,20306,20306,20306,16184,16184,16184,13562,13562,13562
images/news/20140602-beacon-clock.png,81037,600x350,True,PNG,None,73650,73650,58940,58940,58940,56656,56656,56656,54922,54922,54922,43604,43604,43604,41316,41316,41316,38740,38740,38740,26898,26898,26898,24518,24518,24518,21560,21560,21560
images/news/20141012-missions.png,69990,660x460,True,PNG,None,68844,68844,47830,47830,47830,41440,41440,41440,39258,39258,39258,39752,39752,39752,32588,32588,32588,30648,30648,30648,30348,30348,30348,22478,22478,22478,20496,20496,20496
images/news/20170902-agenda-civ-tech.png,58419,600x400,False,PNG,None,43936,N/A,N/A,N/A,25938,N/A,N/A,19674,N/A,N/A,17626,N/A,N/A,18716,N/A,N/A,13438,N/A,N/A,11686,N/A,N/A,12182,N/A,N/A,7946,N/A,N/A,6936
images/news/20130915-lobby.png,43521,800x600,True,PNG,None,39136,39136,48798,48798,48798,39102,39102,39102,37450,37450,37450,39028,39028,39028,30780,30780,30780,29170,29170,29170,29048,29048,29048,22120,22120,22120,20352,20352,20352
images/news/20150808-ra-infiltrate-production-bonus.png,111329,600x301,False,PNG,None,83456,N/A,N/A,N/A,46352,N/A,N/A,40466,N/A,N/A,38332,N/A,N/A,34314,N/A,N/A,30220,N/A,N/A,27254,N/A,N/A,23982,N/A,N/A,18266,N/A,N/A,15984
images/news/20151031-ra.png,46557,600x300,True,PNG,None,43004,43004,46264,46264,46264,38612,38612,38612,36750,36750,36750,36380,36380,36380,29008,29008,29008,27002,27002,27002,27060,27060,27060,18622,18622,18622,16810,16810,16810
images/news/20180703-mdc2018.jpg,459617,1200x400,False,JPG,None,975852,N/A,N/A,N/A,133766,N/A,N/A,122708,N/A,N/A,117588,N/A,N/A,100570,N/A,N/A,90954,N/A,N/A,84420,N/A,N/A,70552,N/A,N/A,55860,N/A,N/A,49322
images/news/20130915-explosions.png,32162,340x225,True,PNG,None,30732,30732,26130,26130,26130,23208,23208,23208,22446,22446,22446,20222,20222,20222,17776,17776,17776,16384,16384,16384,13160,13160,13160,10992,10992,10992,9676,9676,9676
images/news/20170722-ra-commandbar.png,70047,600x300,True,PNG,None,68794,68794,70092,70092,70092,66112,66112,66112,64778,64778,64778,56890,56890,56890,52104,52104,52104,49830,49830,49830,42020,42020,42020,35902,35902,35902,32764,32764,32764
images/news/20140722-capturetech.png,98787,600x300,True,PNG,None,90824,90824,58018,58018,58018,54206,54206,54206,52646,52646,52646,44218,44218,44218,42024,42024,42024,39378,39378,39378,31784,31784,31784,27008,27008,27008,24408,24408,24408
images/news/20201213-christmas-static.png,150862,933x333,True,PNG,None,139178,139178,39612,39612,39612,31236,31236,31236,28864,28864,28864,28796,28796,28796,22622,22622,22622,20766,20766,20766,20210,20210,20210,14428,14428,14428,13296,13296,13296
images/news/20160403-web-resource-center-map-upgrade.png,36649,599x300,False,PNG,None,27146,N/A,N/A,N/A,25438,N/A,N/A,20430,N/A,N/A,18930,N/A,N/A,21186,N/A,N/A,14994,N/A,N/A,14684,N/A,N/A,15110,N/A,N/A,10710,N/A,N/A,10464
images/news/20140405-ra.png,41693,600x300,True,PNG,None,46020,46020,42928,42928,42928,42936,42936,42936,40864,40864,40864,30470,30470,30470,30396,30396,30396,27814,27814,27814,17080,17080,17080,16324,16324,16324,13788,13788,13788
images/news/20141029-missions.png,43865,600x330,True,PNG,None,41828,41828,42646,42646,42646,37760,37760,37760,36220,36220,36220,31294,31294,31294,26312,26312,26312,24172,24172,24172,19022,19022,19022,14310,14310,14310,11520,11520,11520
images/news/20150614-d2k-building-upgrades.png,67320,600x300,True,PNG,None,61068,61068,47586,47586,47586,42824,42824,42824,41076,41076,41076,36514,36514,36514,31848,31848,31848,29734,29734,29734,25648,25648,25648,19884,19884,19884,17784,17784,17784
images/news/20170401-user-tib-bucks.png,17598,434x196,True,PNG,None,17170,17170,15694,15694,15694,13220,13220,13220,12520,12520,12520,13132,13132,13132,10476,10476,10476,9872,9872,9872,10104,10104,10104,7272,7272,7272,6554,6554,6554
images/news/20131102-qtnk.png,32490,600x250,True,PNG,None,30304,30304,24476,24476,24476,19940,19940,19940,18890,18890,18890,19664,19664,19664,15480,15480,15480,14460,14460,14460,14732,14732,14732,10774,10774,10774,10004,10004,10004
images/news/20150118-d2k-sandworm-carryall.png,72329,600x300,True,PNG,None,65196,65196,54510,54510,54510,52288,52288,52288,50058,50058,50058,40318,40318,40318,38338,38338,38338,34920,34920,34920,25784,25784,25784,22210,22210,22210,19448,19448,19448
images/news/20170421-td-hidpi.gif,82096,600x300,True,GIF,None,27274,27274,25934,25934,25934,20350,20350,20350,19598,19598,19598,22472,22472,22472,16212,16212,16212,15702,15702,15702,18244,18244,18244,12008,12008,12008,11556,11556,11556
images/news/20131102-a10-strike.png,58816,600x270,True,PNG,None,49374,49374,49036,49036,49036,46644,46644,46644,45608,45608,45608,36840,36840,36840,35114,35114,35114,32974,32974,32974,24218,24218,24218,21250,21250,21250,18686,18686,18686
images/news/20190106-editor-2x.png,133017,1200x600,False,PNG,None,85382,N/A,N/A,N/A,141280,N/A,N/A,126518,N/A,N/A,121408,N/A,N/A,100152,N/A,N/A,90024,N/A,N/A,85954,N/A,N/A,69502,N/A,N/A,58758,N/A,N/A,55706
images/news/20140722-musicdownload.png,12685,600x300,False,PNG,None,7722,N/A,N/A,N/A,13054,N/A,N/A,7352,N/A,N/A,7140,N/A,N/A,10324,N/A,N/A,5900,N/A,N/A,5430,N/A,N/A,7688,N/A,N/A,4134,N/A,N/A,3704
images/news/20151031-gamespeed.png,17826,600x380,True,PNG,None,16302,16302,31470,31470,31470,22418,22418,22418,21616,21616,21616,25522,25522,25522,17954,17954,17954,17316,17316,17316,19302,19302,19302,13670,13670,13670,13012,13012,13012
images/news/20150531-ra-editor.png,49668,600x300,False,PNG,None,34140,N/A,N/A,N/A,41830,N/A,N/A,34286,N/A,N/A,32848,N/A,N/A,33248,N/A,N/A,26258,N/A,N/A,24556,N/A,N/A,24472,N/A,N/A,17706,N/A,N/A,16084
images/news/20221203-slope.png,917889,800x529,True,PNG,Unknown,566336,566336,68804,68804,68804,61082,61082,61082,58968,58968,58968,51214,51214,51214,44838,44838,44838,42884,42884,42884,34612,34612,34612,30288,30288,30288,29012,29012,29012
images/news/20190209-opportunityfire.gif,677045,600x300,True,GIF,None,41040,41040,22708,22708,22708,17580,17580,17580,16264,16264,16264,17950,17950,17950,13362,13362,13362,12314,12314,12314,13202,13202,13202,8888,8888,8888,8026,8026,8026
images/news/20180102-mapoptions.png,62963,1200x600,False,PNG,None,34712,N/A,N/A,N/A,44998,N/A,N/A,36034,N/A,N/A,35224,N/A,N/A,38552,N/A,N/A,28146,N/A,N/A,27312,N/A,N/A,29014,N/A,N/A,20726,N/A,N/A,19808
images/news/20151031-installer.png,7961,600x300,True,PNG,None,7444,7444,10820,10820,10820,7560,7560,7560,7182,7182,7182,11320,11320,11320,6106,6106,6106,5846,5846,5846,8574,8574,8574,4506,4506,4506,4358,4358,4358
images/news/20190606-directional-powers.gif,546926,590x350,True,GIF,None,20202,20202,17292,17292,17292,15894,15894,15894,15400,15400,15400,10786,10786,10786,9670,9670,9670,9256,9256,9256,5548,5548,5548,4848,4848,4848,4398,4398,4398
images/news/20130809-website-promo-2.png,67354,578x338,False,PNG,None,53924,N/A,N/A,N/A,35034,N/A,N/A,28676,N/A,N/A,28232,N/A,N/A,30418,N/A,N/A,23532,N/A,N/A,23130,N/A,N/A,24414,N/A,N/A,17338,N/A,N/A,16900
images/news/20201213-discord.png,100716,1200x600,False,PNG,Unknown,49614,N/A,N/A,N/A,18444,N/A,N/A,12890,N/A,N/A,12470,N/A,N/A,16446,N/A,N/A,10850,N/A,N/A,10404,N/A,N/A,13412,N/A,N/A,8344,N/A,N/A,7962
images/news/20180610-download.png,49814,1200x701,True,PNG,None,40734,40734,86472,86472,86472,70808,70808,70808,69622,69622,69622,75462,75462,75462,57568,57568,57568,56538,56538,56538,61180,61180,61180,42550,42550,42550,41254,41254,41254
images/news/20131102-haos-ridges-cnc.png,5991,217x269,True,PNG,None,5886,5886,9792,9792,9792,7450,7450,7450,7342,7342,7342,8378,8378,8378,6100,6100,6100,5944,5944,5944,6708,6708,6708,4640,4640,4640,4476,4476,4476
images/news/20150919-d2k-repairs.png,81473,600x300,True,PNG,None,66088,66088,54020,54020,54020,51330,51330,51330,49172,49172,49172,39138,39138,39138,36556,36556,36556,33594,33594,33594,25782,25782,25782,21192,21192,21192,18282,18282,18282
images/news/20150329-ra-randomcountries-dropdown.png,17511,600x300,False,PNG,None,9414,N/A,N/A,N/A,17910,N/A,N/A,13156,N/A,N/A,12712,N/A,N/A,15432,N/A,N/A,10918,N/A,N/A,10428,N/A,N/A,12138,N/A,N/A,8252,N/A,N/A,7790
images/news/20150405-d2k-blendmodes.png,99770,600x300,False,PNG,None,61390,N/A,N/A,N/A,50890,N/A,N/A,49814,N/A,N/A,48012,N/A,N/A,36754,N/A,N/A,35634,N/A,N/A,33140,N/A,N/A,22110,N/A,N/A,20586,N/A,N/A,17862
images/news/20150628-ts-shroud.png,157490,600x300,False,PNG,None,212524,N/A,N/A,N/A,39058,N/A,N/A,32922,N/A,N/A,30808,N/A,N/A,27974,N/A,N/A,23784,N/A,N/A,22008,N/A,N/A,18874,N/A,N/A,14134,N/A,N/A,12642
images/news/20180825-badges.png,73515,1200x600,False,PNG,None,39586,N/A,N/A,N/A,61614,N/A,N/A,50230,N/A,N/A,48998,N/A,N/A,55180,N/A,N/A,40568,N/A,N/A,39642,N/A,N/A,44874,N/A,N/A,31102,N/A,N/A,29682
images/news/20140602-openra-resources.png,127123,600x350,False,PNG,None,109664,N/A,N/A,N/A,36402,N/A,N/A,28876,N/A,N/A,26992,N/A,N/A,29068,N/A,N/A,21626,N/A,N/A,20150,N/A,N/A,20170,N/A,N/A,14428,N/A,N/A,13470
images/news/20170304-tibsun.png,75193,600x300,True,PNG,None,70286,70286,35044,35044,35044,31344,31344,31344,28884,28884,28884,24604,24604,24604,21136,21136,21136,19068,19068,19068,15084,15084,15084,11878,11878,11878,10344,10344,10344
images/news/20170902-ragl-iv-gnrl.jpg,351197,672x533,False,JPG,None,542418,N/A,N/A,N/A,94338,N/A,N/A,87410,N/A,N/A,85040,N/A,N/A,74802,N/A,N/A,64940,N/A,N/A,61180,N/A,N/A,49964,N/A,N/A,39564,N/A,N/A,34388
images/news/20180923-techtooltips.png,177184,1200x600,False,PNG,None,117390,N/A,N/A,N/A,114232,N/A,N/A,102272,N/A,N/A,96550,N/A,N/A,79586,N/A,N/A,68962,N/A,N/A,63828,N/A,N/A,49416,N/A,N/A,39502,N/A,N/A,34246
images/news/20160904-ts-teaser.png,81923,600x300,True,PNG,None,76932,76932,47430,47430,47430,44662,44662,44662,42078,42078,42078,33982,33982,33982,32186,32186,32186,29332,29332,29332,21688,21688,21688,18882,18882,18882,16866,16866,16866
images/news/20190606-td-sidebar.gif,545519,1200x700,True,GIF,None,172172,172172,162752,162752,162752,151598,151598,151598,142716,142716,142716,117358,117358,117358,104866,104866,104866,96298,96298,96298,75830,75830,75830,63922,63922,63922,59118,59118,59118
images/news/20150919-returntomap.png,33022,600x300,True,PNG,None,33962,33962,23352,23352,23352,19860,19860,19860,18632,18632,18632,19406,19406,19406,15044,15044,15044,13928,13928,13928,14416,14416,14416,10202,10202,10202,9342,9342,9342
images/news/20131102-settings.png,54789,600x351,False,PNG,None,48864,N/A,N/A,N/A,23878,N/A,N/A,19718,N/A,N/A,18746,N/A,N/A,20196,N/A,N/A,15516,N/A,N/A,14916,N/A,N/A,16290,N/A,N/A,11600,N/A,N/A,10904
images/news/20150524-d2k-building-upgrades.png,118555,548x302,False,PNG,None,83754,N/A,N/A,N/A,43830,N/A,N/A,38346,N/A,N/A,36942,N/A,N/A,33980,N/A,N/A,29002,N/A,N/A,27292,N/A,N/A,23946,N/A,N/A,17696,N/A,N/A,15912
images/news/20180729-profiles.png,53700,1200x600,True,PNG,None,33174,33174,77266,77266,77266,64894,64894,64894,61080,61080,61080,62074,62074,62074,48034,48034,48034,45334,45334,45334,46948,46948,46948,32850,32850,32850,30488,30488,30488
images/news/20180729-shatteredparadise.png,172052,600x300,False,PNG,None,126520,N/A,N/A,N/A,58048,N/A,N/A,55388,N/A,N/A,53224,N/A,N/A,43834,N/A,N/A,41458,N/A,N/A,38864,N/A,N/A,30074,N/A,N/A,26798,N/A,N/A,24106
images/news/20241116-vortex.webp,1604378,1578x1132,False,WEBP,Unknown,1601878,N/A,N/A,N/A,152708,N/A,N/A,129740,N/A,N/A,125912,N/A,N/A,110028,N/A,N/A,95180,N/A,N/A,93716,N/A,N/A,77286,N/A,N/A,65176,N/A,N/A,65028
images/news/20150405-ra-random-ingame.png,77630,600x300,False,PNG,None,54286,N/A,N/A,N/A,21582,N/A,N/A,17014,N/A,N/A,15976,N/A,N/A,16684,N/A,N/A,12574,N/A,N/A,11636,N/A,N/A,11956,N/A,N/A,8460,N/A,N/A,7794
images/news/20160821-ragls2-banner.png,211411,640x240,False,PNG,None,173520,N/A,N/A,N/A,33342,N/A,N/A,27878,N/A,N/A,26764,N/A,N/A,28540,N/A,N/A,21928,N/A,N/A,20970,N/A,N/A,21588,N/A,N/A,15602,N/A,N/A,14748
images/news/20131211-d2k-shroud.png,63033,600x300,True,PNG,None,57942,57942,24436,24436,24436,21702,21702,21702,19650,19650,19650,15246,15246,15246,12598,12598,12598,10420,10420,10420,7648,7648,7648,5662,5662,5662,4442,4442,4442
images/news/20140608-modchooser.png,62128,600x300,False,PNG,None,68648,N/A,N/A,N/A,27586,N/A,N/A,19092,N/A,N/A,18370,N/A,N/A,23360,N/A,N/A,15000,N/A,N/A,13990,N/A,N/A,15022,N/A,N/A,10010,N/A,N/A,9286
images/news/20170304-hidpi.png,16893,600x300,True,PNG,None,15552,15552,32076,32076,32076,25636,25636,25636,24972,24972,24972,26498,26498,26498,21128,21128,21128,20216,20216,20216,21210,21210,21210,15780,15780,15780,15226,15226,15226
images/news/20161015-d2k-scorescreen.png,70419,600x300,False,PNG,None,39336,N/A,N/A,N/A,27210,N/A,N/A,22866,N/A,N/A,21850,N/A,N/A,21082,N/A,N/A,16926,N/A,N/A,15512,N/A,N/A,15788,N/A,N/A,11476,N/A,N/A,10456
images/news/20140204-players.png,15940,881x313,True,PNG,None,7180,6594,46456,46312,37424,40238,40120,35402,37386,37538,31476,34430,34286,25276,26860,26742,21656,22942,23094,18128,25014,24870,16162,19064,18946,13646,17114,17266,11992
images/news/20141012-tibsun.png,72837,600x300,True,PNG,None,67800,67800,56024,56024,56024,52104,52104,52104,49864,49864,49864,41806,41806,41806,38730,38730,38730,36428,36428,36428,28642,28642,28642,24590,24590,24590,22234,22234,22234
images/news/20150614-cnc-missions.png,25219,599x300,True,PNG,None,22800,22800,27354,27354,27354,22818,22818,22818,22336,22336,22336,23150,23150,23150,19102,19102,19102,18670,18670,18670,18720,18720,18720,14516,14516,14516,14044,14044,14044
images/news/20150118-ra-countries-dropdown.png,22560,600x300,False,PNG,None,10982,N/A,N/A,N/A,20258,N/A,N/A,15354,N/A,N/A,14938,N/A,N/A,16922,N/A,N/A,12684,N/A,N/A,12270,N/A,N/A,13580,N/A,N/A,9662,N/A,N/A,9154
images/news/20160403-d2k-worm-trail.png,57677,600x300,True,PNG,None,50696,50696,50166,50166,50166,49528,49528,49528,47418,47418,47418,35408,35408,35408,35172,35172,35172,32218,32218,32218,20978,20978,20978,18896,18896,18896,15632,15632,15632
images/news/20160904-ra-aiengineer.png,55456,600x300,True,PNG,None,53972,53972,46156,46156,46156,41868,41868,41868,40396,40396,40396,34832,34832,34832,30902,30902,30902,28338,28338,28338,22096,22096,22096,17724,17724,17724,15176,15176,15176
images/news/20170304-gapgen.png,37009,600x300,True,PNG,None,34796,34796,32244,32244,32244,25670,25670,25670,24164,24164,24164,24916,24916,24916,19636,19636,19636,18188,18188,18188,18698,18698,18698,13096,13096,13096,11936,11936,11936
images/news/20170722-d2k-editor.png,99122,600x300,False,PNG,None,60444,N/A,N/A,N/A,43406,N/A,N/A,40112,N/A,N/A,37288,N/A,N/A,31268,N/A,N/A,27248,N/A,N/A,24876,N/A,N/A,19668,N/A,N/A,16054,N/A,N/A,14026
images/news/20131130-healthbars.png,58660,600x300,True,PNG,None,56086,56086,53526,53526,53526,51558,51558,51558,49862,49862,49862,41370,41370,41370,38950,38950,38950,36682,36682,36682,26418,26418,26418,24052,24052,24052,21254,21254,21254
images/news/20190106-editor.png,94870,600x300,False,PNG,None,59852,N/A,N/A,N/A,48538,N/A,N/A,44230,N/A,N/A,42328,N/A,N/A,36890,N/A,N/A,32782,N/A,N/A,30678,N/A,N/A,24940,N/A,N/A,19922,N/A,N/A,17536
images/news/20170421-d2k-new-missions.png,102544,599x300,False,PNG,None,113382,N/A,N/A,N/A,24050,N/A,N/A,21144,N/A,N/A,20020,N/A,N/A,19490,N/A,N/A,15926,N/A,N/A,15470,N/A,N/A,14916,N/A,N/A,11574,N/A,N/A,11092
images/news/20230801-smoke.png,965283,700x567,True,PNG,Unknown,683790,683790,79754,79754,79754,73570,73570,73570,69822,69822,69822,57740,57740,57740,52526,52526,52526,50202,50202,50202,38198,38198,38198,33388,33388,33388,32414,32414,32414
images/news/20190606-spectator-UI.png,242522,802x468,False,PNG,None,296480,N/A,N/A,N/A,93104,N/A,N/A,85960,N/A,N/A,80138,N/A,N/A,68736,N/A,N/A,60372,N/A,N/A,55704,N/A,N/A,47534,N/A,N/A,36196,N/A,N/A,32104
images/news/20151031-multiplayer.png,68031,600x440,True,PNG,None,66794,66794,37930,37930,37930,31914,31914,31914,30246,30246,30246,30018,30018,30018,23664,23664,23664,22156,22156,22156,21440,21440,21440,15996,15996,15996,14728,14728,14728
images/news/20210321-website.png,689368,1200x650,False,PNG,Unknown,404794,N/A,N/A,N/A,58506,N/A,N/A,49562,N/A,N/A,47770,N/A,N/A,51084,N/A,N/A,39822,N/A,N/A,38576,N/A,N/A,44824,N/A,N/A,30350,N/A,N/A,29114
images/news/20150830-new-ra-production-overlays.png,280486,600x300,False,PNG,None,201598,N/A,N/A,N/A,40736,N/A,N/A,34826,N/A,N/A,33032,N/A,N/A,32952,N/A,N/A,27538,N/A,N/A,25624,N/A,N/A,24608,N/A,N/A,19282,N/A,N/A,17980
images/news/20161223-new-logo-modchooser.png,103777,790x400,False,PNG,None,98280,N/A,N/A,N/A,32104,N/A,N/A,24974,N/A,N/A,23864,N/A,N/A,25912,N/A,N/A,19404,N/A,N/A,18150,N/A,N/A,19498,N/A,N/A,13344,N/A,N/A,12476
images/news/20130915-ra2voxels.png,97222,700x541,True,PNG,None,84430,84430,87898,87898,87898,75696,75696,75696,72260,72260,72260,67342,67342,67342,55326,55326,55326,50846,50846,50846,45946,45946,45946,32572,32572,32572,28502,28502,28502
images/news/20140722-techlevels.png,45423,600x300,False,PNG,None,46908,N/A,N/A,N/A,19420,N/A,N/A,15348,N/A,N/A,14840,N/A,N/A,16766,N/A,N/A,12516,N/A,N/A,12040,N/A,N/A,13268,N/A,N/A,9718,N/A,N/A,8976
images/news/20170722-launchers.png,57290,600x300,False,PNG,None,48172,N/A,N/A,N/A,14708,N/A,N/A,11334,N/A,N/A,11078,N/A,N/A,12492,N/A,N/A,9118,N/A,N/A,8874,N/A,N/A,9724,N/A,N/A,6568,N/A,N/A,6292
images/news/20170110-stats-most-popular-maps.png,47693,1199x599,False,PNG,None,27620,N/A,N/A,N/A,41062,N/A,N/A,27956,N/A,N/A,27672,N/A,N/A,38570,N/A,N/A,24648,N/A,N/A,24202,N/A,N/A,33354,N/A,N/A,19608,N/A,N/A,19134
images/news/20160424-os-shares.png,44564,600x300,False,PNG,None,35148,N/A,N/A,N/A,15090,N/A,N/A,10468,N/A,N/A,10190,N/A,N/A,12848,N/A,N/A,8506,N/A,N/A,8166,N/A,N/A,9590,N/A,N/A,6142,N/A,N/A,5842
images/news/20200629-civilians.png,222014,600x300,True,PNG,None,164680,164680,47320,47320,47320,46086,46086,46086,44142,44142,44142,34876,34876,34876,33144,33144,33144,30338,30338,30338,21354,21354,21354,19372,19372,19372,16982,16982,16982
images/news/20150424-ts-teaser.png,116452,600x300,False,PNG,None,145344,N/A,N/A,N/A,61632,N/A,N/A,56854,N/A,N/A,54416,N/A,N/A,47258,N/A,N/A,43024,N/A,N/A,40706,N/A,N/A,33292,N/A,N/A,28376,N/A,N/A,26132
images/news/20170110-stats-enable-sysinfo-checkbox.png,128670,600x300,False,PNG,None,84094,N/A,N/A,N/A,27212,N/A,N/A,21740,N/A,N/A,20760,N/A,N/A,21462,N/A,N/A,16816,N/A,N/A,15730,N/A,N/A,15724,N/A,N/A,12088,N/A,N/A,10850
images/news/20131209-openra-utility.png,195673,600x300,False,PNG,None,170172,N/A,N/A,N/A,40342,N/A,N/A,34158,N/A,N/A,33568,N/A,N/A,33818,N/A,N/A,28836,N/A,N/A,28464,N/A,N/A,27892,N/A,N/A,23174,N/A,N/A,22838
images/news/20180102-serverplayers.png,46918,1200x600,True,PNG,None,25348,25348,61048,61048,61048,52738,52738,52738,51370,51370,51370,51888,51888,51888,42352,42352,42352,40850,40850,40850,42540,42540,42540,30724,30724,30724,29134,29134,29134
images/news/20160904-d2k-playerscore.png,32669,600x350,True,PNG,None,23614,23614,28874,28874,28874,24922,24922,24922,23580,23580,23580,22052,22052,22052,17866,17866,17866,16604,16604,16604,16728,16728,16728,12202,12202,12202,11338,11338,11338
images/news/20160403-cnc-nod-colors.png,19106,600x300,True,PNG,None,18502,18502,34066,34066,34066,31222,31222,31222,29132,29132,29132,23412,23412,23412,20748,20748,20748,19568,19568,19568,16384,16384,16384,14344,14344,14344,13562,13562,13562
images/news/20221203-hpf.png,1044597,800x525,True,PNG,Unknown,766120,766120,94212,94212,94212,84432,84432,84432,77156,77156,77156,71156,71156,71156,61728,61728,61728,58014,58014,58014,50702,50702,50702,40520,40520,40520,37898,37898,37898
images/news/2017-christmas.gif,186561,934x540,True,GIF,None,31276,31276,58842,58842,58842,46462,46462,46462,43780,43780,43780,45466,45466,45466,34388,34388,34388,32044,32044,32044,31560,31560,31560,21816,21816,21816,19818,19818,19818
images/news/20140405-modchooser.png,75329,600x350,False,PNG,None,95968,N/A,N/A,N/A,30880,N/A,N/A,23684,N/A,N/A,22620,N/A,N/A,25684,N/A,N/A,18654,N/A,N/A,17282,N/A,N/A,18782,N/A,N/A,12230,N/A,N/A,11078
images/news/20140927-objectives.png,26412,600x300,True,PNG,None,26620,26620,19846,19846,19846,16586,16586,16586,15326,15326,15326,16706,16706,16706,12590,12590,12590,11622,11622,11622,12412,12412,12412,8314,8314,8314,7606,7606,7606
images/news/20200303-rallypoint.gif,73176,600x300,True,GIF,None,20624,20624,39638,39638,39638,37406,37406,37406,35596,35596,35596,29084,29084,29084,26728,26728,26728,25272,25272,25272,19818,19818,19818,17418,17418,17418,16494,16494,16494
images/news/20130514-bridge-repair.png,64812,235x222,False,PNG,None,23030,N/A,N/A,N/A,11324,N/A,N/A,10456,N/A,N/A,9558,N/A,N/A,7282,N/A,N/A,6934,N/A,N/A,5870,N/A,N/A,4130,N/A,N/A,3492,N/A,N/A,2804
images/news/20170401-new-factions.png,24534,350x290,False,PNG,None,17600,N/A,N/A,N/A,15012,N/A,N/A,11600,N/A,N/A,11252,N/A,N/A,12694,N/A,N/A,9468,N/A,N/A,9216,N/A,N/A,10088,N/A,N/A,7362,N/A,N/A,7074
images/news/20180729-chronovortex.png,68575,600x300,False,PNG,None,43928,N/A,N/A,N/A,40214,N/A,N/A,39892,N/A,N/A,38136,N/A,N/A,28844,N/A,N/A,27826,N/A,N/A,25700,N/A,N/A,16782,N/A,N/A,15868,N/A,N/A,13174
images/news/20151031-tddefend.png,89695,600x300,False,PNG,None,63432,N/A,N/A,N/A,55792,N/A,N/A,53556,N/A,N/A,51784,N/A,N/A,42346,N/A,N/A,39814,N/A,N/A,37204,N/A,N/A,28580,N/A,N/A,24380,N/A,N/A,21958
images/news/20140608-d2k.png,75466,600x304,True,PNG,None,65648,65648,60982,60982,60982,57492,57492,57492,56012,56012,56012,46724,46724,46724,44036,44036,44036,41552,41552,41552,32520,32520,32520,28682,28682,28682,25838,25838,25838
images/news/20231010-darkcolors.png,779240,800x422,True,PNG,Unknown,486954,486954,74106,74106,74106,68558,68558,68558,63106,63106,63106,54488,54488,54488,48314,48314,48314,45032,45032,45032,38132,38132,38132,30906,30906,30906,28668,28668,28668
images/news/20170401-color-picker.png,103290,476x433,False,PNG,None,131340,N/A,N/A,N/A,18420,N/A,N/A,13268,N/A,N/A,12770,N/A,N/A,15734,N/A,N/A,10372,N/A,N/A,9928,N/A,N/A,11748,N/A,N/A,7390,N/A,N/A,6978
images/news/20191021-tibsun.png,154106,600x300,False,PNG,None,108906,N/A,N/A,N/A,65958,N/A,N/A,63842,N/A,N/A,62380,N/A,N/A,51234,N/A,N/A,49808,N/A,N/A,47388,N/A,N/A,36284,N/A,N/A,33518,N/A,N/A,30936
images/news/20200629-lighting.png,206257,600x300,True,PNG,None,240618,240618,44328,44328,44328,41600,41600,41600,38704,38704,38704,32752,32752,32752,29672,29672,29672,27152,27152,27152,21738,21738,21738,18366,18366,18366,16750,16750,16750
images/news/20170110-stats-downloads-vs-users.png,10514,599x300,False,PNG,None,5362,N/A,N/A,N/A,9316,N/A,N/A,6636,N/A,N/A,6592,N/A,N/A,7884,N/A,N/A,5650,N/A,N/A,5568,N/A,N/A,6238,N/A,N/A,4306,N/A,N/A,4202
images/news/20130514-d2k-lobby.png,175106,811x291,True,PNG,Unknown,101338,101338,40076,40076,40076,32352,32352,32352,30832,30832,30832,33908,33908,33908,25912,25912,25912,24986,24986,24986,27318,27318,27318,20002,20002,20002,19038,19038,19038
images/news/20140608-beacons.png,78744,600x300,True,PNG,None,73382,73382,46760,46760,46760,43162,43162,43162,41812,41812,41812,35554,35554,35554,31454,31454,31454,29262,29262,29262,23752,23752,23752,18894,18894,18894,16300,16300,16300
images/news/20160329-ragl-announcement.png,225665,600x300,False,PNG,None,185600,N/A,N/A,N/A,34582,N/A,N/A,27944,N/A,N/A,26936,N/A,N/A,28390,N/A,N/A,21484,N/A,N/A,20438,N/A,N/A,21410,N/A,N/A,15138,N/A,N/A,14370
images/news/20230225-2023.png,130450,700x343,False,PNG,Unknown,303906,N/A,N/A,N/A,50106,N/A,N/A,46792,N/A,N/A,42590,N/A,N/A,34246,N/A,N/A,31428,N/A,N/A,28124,N/A,N/A,20808,N/A,N/A,18612,N/A,N/A,16968
images/news/20180102-winmacos.png,108032,1200x600,False,PNG,None,106220,N/A,N/A,N/A,38696,N/A,N/A,25920,N/A,N/A,25432,N/A,N/A,31202,N/A,N/A,20950,N/A,N/A,20474,N/A,N/A,24940,N/A,N/A,15690,N/A,N/A,15088
images/news/20221203-td.png,1282483,800x618,True,PNG,Unknown,931180,931180,112466,112466,112466,105160,105160,105160,99642,99642,99642,78078,78078,78078,75176,75176,75176,69688,69688,69688,51304,51304,51304,46274,46274,46274,42488,42488,42488
images/news/20170110-stats-mod-popularity.png,9565,599x300,False,PNG,None,4820,N/A,N/A,N/A,8676,N/A,N/A,6252,N/A,N/A,6174,N/A,N/A,7828,N/A,N/A,5342,N/A,N/A,5248,N/A,N/A,5954,N/A,N/A,4188,N/A,N/A,4078
images/news/20131223-assetbrowser.png,80662,600x300,False,PNG,None,68178,N/A,N/A,N/A,12494,N/A,N/A,9764,N/A,N/A,9364,N/A,N/A,10270,N/A,N/A,7730,N/A,N/A,7500,N/A,N/A,8012,N/A,N/A,5740,N/A,N/A,5500
images/news/20200303-introduction.png,206188,1300x900,False,PNG,None,136416,N/A,N/A,N/A,106044,N/A,N/A,94510,N/A,N/A,92188,N/A,N/A,87618,N/A,N/A,73618,N/A,N/A,71600,N/A,N/A,67404,N/A,N/A,51324,N/A,N/A,49630
images/news/20150408-d2k-serverbrowser.png,33745,600x300,False,PNG,None,20532,N/A,N/A,N/A,18850,N/A,N/A,16480,N/A,N/A,15830,N/A,N/A,16330,N/A,N/A,13240,N/A,N/A,12772,N/A,N/A,13388,N/A,N/A,9656,N/A,N/A,9254
images/news/20141020-replays.png,32033,600x350,True,PNG,None,28886,28886,36216,36216,36216,29616,29616,29616,28048,28048,28048,28162,28162,28162,22638,22638,22638,21016,21016,21016,20746,20746,20746,15410,15410,15410,14348,14348,14348
images/news/20170722-td-buildinghitshapes.png,64574,600x300,True,PNG,None,58458,58458,54614,54614,54614,51892,51892,51892,50874,50874,50874,41004,41004,41004,38784,38784,38784,37012,37012,37012,27316,27316,27316,23476,23476,23476,20508,20508,20508
images/news/20150524-cnc-nod06a.png,135720,600x300,False,PNG,None,122450,N/A,N/A,N/A,43490,N/A,N/A,36296,N/A,N/A,34596,N/A,N/A,36010,N/A,N/A,27868,N/A,N/A,25508,N/A,N/A,27332,N/A,N/A,17780,N/A,N/A,15584
images/news/20180610-tibsun.png,128054,1200x600,True,PNG,None,106760,106760,188836,188836,188836,172496,172496,172496,165262,165262,165262,142532,142532,142532,128906,128906,128906,120770,120770,120770,97588,97588,97588,82580,82580,82580,74988,74988,74988
images/news/20180923-colorpicker.png,107013,1200x600,False,PNG,None,61860,N/A,N/A,N/A,56370,N/A,N/A,45500,N/A,N/A,43806,N/A,N/A,45500,N/A,N/A,34304,N/A,N/A,32018,N/A,N/A,33192,N/A,N/A,23558,N/A,N/A,22362
images/news/20140207-players.png,15811,881x313,True,PNG,None,7190,6646,41802,41662,32900,34570,34482,29120,32962,33078,27680,31258,31118,22610,26324,26236,20852,21720,21836,16436,24268,24128,15724,18122,18034,12620,16816,16932,11582
images/news/20151129-editor-actor-remap.png,51950,600x300,False,PNG,None,37108,N/A,N/A,N/A,34222,N/A,N/A,28384,N/A,N/A,27336,N/A,N/A,26348,N/A,N/A,20918,N/A,N/A,18746,N/A,N/A,18238,N/A,N/A,12390,N/A,N/A,10826
images/news/20161015-ra-contentinstaller.png,39849,600x300,False,PNG,None,37646,N/A,N/A,N/A,23176,N/A,N/A,18980,N/A,N/A,18596,N/A,N/A,19882,N/A,N/A,15710,N/A,N/A,15374,N/A,N/A,15986,N/A,N/A,12078,N/A,N/A,11740
images/news/20160821-sneakpeek-nod-campaign.png,101457,600x300,False,PNG,None,88882,N/A,N/A,N/A,24348,N/A,N/A,20236,N/A,N/A,19904,N/A,N/A,21574,N/A,N/A,17158,N/A,N/A,16896,N/A,N/A,17466,N/A,N/A,13490,N/A,N/A,13100
images/news/20160821-sneakpeek-mp-missions.png,16404,600x300,False,PNG,None,10860,N/A,N/A,N/A,19228,N/A,N/A,14606,N/A,N/A,13932,N/A,N/A,14794,N/A,N/A,11146,N/A,N/A,10358,N/A,N/A,10742,N/A,N/A,7920,N/A,N/A,7118
images/news/20130514-conyard-radius.png,298985,560x330,False,PNG,Unknown,75712,N/A,N/A,N/A,62260,N/A,N/A,60474,N/A,N/A,59044,N/A,N/A,48192,N/A,N/A,46262,N/A,N/A,43972,N/A,N/A,34072,N/A,N/A,30476,N/A,N/A,27558
images/news/20190106-dog-attack.gif,1355367,600x300,True,GIF,None,94540,94540,32712,32712,32712,31384,31384,31384,29362,29362,29362,23764,23764,23764,23086,23086,23086,21428,21428,21428,16166,16166,16166,15106,15106,15106,14266,14266,14266
images/news/20150424-ra-country-dropdown.png,19555,600x300,False,PNG,None,10802,N/A,N/A,N/A,19554,N/A,N/A,15200,N/A,N/A,14802,N/A,N/A,17118,N/A,N/A,12634,N/A,N/A,12246,N/A,N/A,13756,N/A,N/A,9794,N/A,N/A,9328
images/news/20190825-waypoint.png,110481,1200x600,False,PNG,None,74422,N/A,N/A,N/A,134400,N/A,N/A,130354,N/A,N/A,122782,N/A,N/A,91938,N/A,N/A,88422,N/A,N/A,82102,N/A,N/A,60528,N/A,N/A,57134,N/A,N/A,53984
images/news/20221203-dune.png,1584082,800x759,True,PNG,Unknown,1100788,1100788,127946,127946,127946,121368,121368,121368,113940,113940,113940,89782,89782,89782,83524,83524,83524,77540,77540,77540,57128,57128,57128,48186,48186,48186,45066,45066,45066
images/news/20150329-d2k-sidebar.png,222303,600x600,False,PNG,None,145088,N/A,N/A,N/A,114266,N/A,N/A,104336,N/A,N/A,101134,N/A,N/A,88524,N/A,N/A,78280,N/A,N/A,74310,N/A,N/A,61642,N/A,N/A,48960,N/A,N/A,44010
images/news/20150628-ra-soviet05-screenshot-showcase.png,75042,600x300,False,PNG,None,52974,N/A,N/A,N/A,35120,N/A,N/A,30904,N/A,N/A,29246,N/A,N/A,26064,N/A,N/A,22160,N/A,N/A,19944,N/A,N/A,16676,N/A,N/A,11968,N/A,N/A,9948
images/news/20150329-ts-snow-preview.png,104960,600x450,True,PNG,None,94674,94674,88414,88414,88414,79782,79782,79782,76446,76446,76446,67332,67332,67332,60832,60832,60832,56864,56864,56864,47888,47888,47888,39442,39442,39442,36194,36194,36194
images/news/20160904-cnc-burningtrees.png,47637,600x300,True,PNG,None,44878,44878,38536,38536,38536,38104,38104,38104,36396,36396,36396,26680,26680,26680,26208,26208,26208,23942,23942,23942,14980,14980,14980,13736,13736,13736,10974,10974,10974
images/news/20141020-monstertanks.png,28890,600x300,True,PNG,None,26670,26670,19470,19470,19470,14798,14798,14798,13430,13430,13430,14342,14342,14342,10500,10500,10500,9322,9322,9322,9584,9584,9584,6512,6512,6512,5888,5888,5888
images/news/20181215-kknd-alpha.png,75418,600x300,True,PNG,None,61936,61936,64462,64462,64462,62674,62674,62674,61716,61716,61716,51146,51146,51146,49048,49048,49048,46886,46886,46886,35506,35506,35506,32866,32866,32866,30166,30166,30166
images/news/20140709-tibsun.png,54066,600x300,True,PNG,None,51522,51522,48470,48470,48470,46164,46164,46164,43692,43692,43692,35248,35248,35248,33066,33066,33066,30288,30288,30288,22056,22056,22056,19752,19752,19752,17236,17236,17236
images/news/20190106-missions-2x.png,186040,1200x600,False,PNG,None,164846,N/A,N/A,N/A,80064,N/A,N/A,70580,N/A,N/A,67104,N/A,N/A,66120,N/A,N/A,53798,N/A,N/A,50800,N/A,N/A,50838,N/A,N/A,37018,N/A,N/A,35016
images/news/20131209-d2-asset-browser.png,77548,600x431,True,PNG,None,77492,77492,34414,34414,34414,28546,28546,28546,27022,27022,27022,26726,26726,26726,20874,20874,20874,19684,19684,19684,17292,17292,17292,12920,12920,12920,12084,12084,12084
images/news/20160821-sneakpeek-content-installer.png,39728,600x300,False,PNG,None,37268,N/A,N/A,N/A,23368,N/A,N/A,18972,N/A,N/A,18638,N/A,N/A,19928,N/A,N/A,15860,N/A,N/A,15394,N/A,N/A,15832,N/A,N/A,12074,N/A,N/A,11772
images/news/20200303-specarmy.png,88431,1200x600,False,PNG,None,56146,N/A,N/A,N/A,58226,N/A,N/A,48256,N/A,N/A,47584,N/A,N/A,47302,N/A,N/A,39086,N/A,N/A,38278,N/A,N/A,37592,N/A,N/A,29328,N/A,N/A,28414
images/news/20161223-new-logo-facebook.png,246666,700x350,False,PNG,None,222416,N/A,N/A,N/A,44852,N/A,N/A,36798,N/A,N/A,35010,N/A,N/A,35818,N/A,N/A,28168,N/A,N/A,26122,N/A,N/A,25444,N/A,N/A,17958,N/A,N/A,16430
images/news/20180825-badges-lowdpi.png,49682,600x300,False,PNG,None,43000,N/A,N/A,N/A,26786,N/A,N/A,21682,N/A,N/A,21180,N/A,N/A,23170,N/A,N/A,17692,N/A,N/A,17280,N/A,N/A,18490,N/A,N/A,13348,N/A,N/A,12818
images/news/20170421-ra-gapgen.png,54168,599x300,False,PNG,None,41806,N/A,N/A,N/A,22564,N/A,N/A,16574,N/A,N/A,15182,N/A,N/A,18110,N/A,N/A,12002,N/A,N/A,10632,N/A,N/A,12620,N/A,N/A,7582,N/A,N/A,6664
images/news/20170110-stats-languages.png,18211,599x300,False,PNG,None,13324,N/A,N/A,N/A,11714,N/A,N/A,8454,N/A,N/A,8256,N/A,N/A,10620,N/A,N/A,6974,N/A,N/A,6730,N/A,N/A,7954,N/A,N/A,5080,N/A,N/A,4750
images/news/20200426-glprofile.png,79865,1300x850,True,PNG,None,52158,52158,96780,96780,96780,80814,80814,80814,77706,77706,77706,78384,78384,78384,61824,61824,61824,59132,59132,59132,59396,59396,59396,41954,41954,41954,40256,40256,40256
images/news/20131130-allies02.png,62206,600x300,True,PNG,None,56830,56830,39624,39624,39624,32640,32640,32640,30694,30694,30694,31366,31366,31366,24962,24962,24962,23174,23174,23174,22546,22546,22546,16586,16586,16586,15132,15132,15132
images/news/20241116-map-editor.webp,1293726,1275x939,False,WEBP,Unknown,1292560,N/A,N/A,N/A,177504,N/A,N/A,156028,N/A,N/A,144070,N/A,N/A,113028,N/A,N/A,98370,N/A,N/A,83220,N/A,N/A,62334,N/A,N/A,48590,N/A,N/A,40566
images/news/20150405-ra-random-lobby.png,17364,600x300,False,PNG,None,7862,N/A,N/A,N/A,20594,N/A,N/A,15164,N/A,N/A,14728,N/A,N/A,17630,N/A,N/A,12470,N/A,N/A,12008,N/A,N/A,13992,N/A,N/A,9630,N/A,N/A,9210
images/news/20151031-td.gif,2532196,600x300,True,GIF,None,49318,49318,7656,7656,7656,6848,6848,6848,6102,6102,6102,4326,4326,4326,3790,3790,3790,3430,3430,3430,2372,2372,2372,1914,1914,1914,1788,1788,1788
images/news/20141012-connection.png,78378,600x300,True,PNG,None,68162,68162,47746,47746,47746,42118,42118,42118,40310,40310,40310,36390,36390,36390,31906,31906,31906,29428,29428,29428,25158,25158,25158,19698,19698,19698,17462,17462,17462
images/news/20180102-airstrike.png,68889,600x300,True,PNG,None,60822,60822,41040,41040,41040,37956,37956,37956,36268,36268,36268,29982,29982,29982,26430,26430,26430,24044,24044,24044,18066,18066,18066,13796,13796,13796,10914,10914,10914
images/news/20170408-yak-gap.png,58432,600x300,False,PNG,None,43446,N/A,N/A,N/A,32040,N/A,N/A,26024,N/A,N/A,24318,N/A,N/A,25118,N/A,N/A,19598,N/A,N/A,18006,N/A,N/A,18332,N/A,N/A,12822,N/A,N/A,11634
images/news/20140405-d2k.png,75455,600x300,True,PNG,None,57492,57492,57832,57832,57832,54954,54954,54954,53310,53310,53310,43246,43246,43246,40324,40324,40324,37666,37666,37666,28144,28144,28144,23612,23612,23612,20978,20978,20978
images/news/20160821-sneakpeek-ai-capturing.png,83905,600x300,False,PNG,None,46738,N/A,N/A,N/A,48520,N/A,N/A,46994,N/A,N/A,45910,N/A,N/A,36384,N/A,N/A,34144,N/A,N/A,32242,N/A,N/A,23454,N/A,N/A,19940,N/A,N/A,17166
images/news/20150808-cnc-lobby.png,100201,600x300,False,PNG,None,94682,N/A,N/A,N/A,18212,N/A,N/A,14876,N/A,N/A,13952,N/A,N/A,15502,N/A,N/A,11684,N/A,N/A,11084,N/A,N/A,11990,N/A,N/A,7928,N/A,N/A,7188
images/news/20170401-french-bonus.gif,843462,319x245,True,GIF,None,23574,23574,15038,15038,15038,13232,13232,13232,12378,12378,12378,11102,11102,11102,9292,9292,9292,8156,8156,8156,6704,6704,6704,4684,4684,4684,3640,3640,3640
images/news/20190606-savegame-d2k.png,26666,1200x700,False,PNG,None,21168,N/A,N/A,N/A,9850,N/A,N/A,6744,N/A,N/A,6496,N/A,N/A,8894,N/A,N/A,5876,N/A,N/A,5748,N/A,N/A,8516,N/A,N/A,4972,N/A,N/A,4890
images/news/20170304-mpmodswitch.png,33051,600x300,False,PNG,None,23626,N/A,N/A,N/A,10736,N/A,N/A,8478,N/A,N/A,8164,N/A,N/A,9294,N/A,N/A,6992,N/A,N/A,6608,N/A,N/A,7890,N/A,N/A,5326,N/A,N/A,5030
images/news/20131209-d2k-soft-spice.png,44508,600x300,True,PNG,None,39526,39526,51970,51970,51970,50948,50948,50948,49148,49148,49148,36486,36486,36486,35200,35200,35200,33046,33046,33046,21816,21816,21816,19678,19678,19678,16918,16918,16918
images/news/20151129-d2k-production-decorations.png,19344,302x151,False,PNG,None,15558,N/A,N/A,N/A,15670,N/A,N/A,13696,N/A,N/A,12964,N/A,N/A,11794,N/A,N/A,10240,N/A,N/A,9358,N/A,N/A,7804,N/A,N/A,6472,N/A,N/A,5702
images/news/20160508-newspost-banner.png,108629,700x150,True,PNG,None,80988,80884,37586,37586,37510,33086,33086,33026,31784,31784,31724,29910,29910,29834,25798,25798,25738,23950,23950,23890,21894,21894,21818,17028,17028,16968,15630,15630,15570
images/news/20150118-ts-heightmaps.png,63491,600x300,True,PNG,None,53628,53628,60692,60692,60692,57872,57872,57872,56074,56074,56074,45554,45554,45554,44062,44062,44062,41630,41630,41630,30114,30114,30114,27178,27178,27178,24922,24922,24922
images/news/20170408-td-map-pool.png,50978,600x300,False,PNG,None,32940,N/A,N/A,N/A,33616,N/A,N/A,27724,N/A,N/A,26954,N/A,N/A,28002,N/A,N/A,22344,N/A,N/A,21664,N/A,N/A,21392,N/A,N/A,16318,N/A,N/A,15638
images/news/20151031-fixes.png,6523,600x300,True,PNG,None,5902,5902,14070,14070,14070,8668,8668,8668,8484,8484,8484,11456,11456,11456,7194,7194,7194,6968,6968,6968,8626,8626,8626,5196,5196,5196,4994,4994,4994
images/news/20221203-transient.png,1260305,800x700,True,PNG,Unknown,896068,896068,94174,94174,94174,90026,90026,90026,83954,83954,83954,65916,65916,65916,61016,61016,61016,58182,58182,58182,40220,40220,40220,37272,37272,37272,35218,35218,35218
images/news/20190106-missions.png,125650,600x300,False,PNG,None,116522,N/A,N/A,N/A,34702,N/A,N/A,30680,N/A,N/A,28954,N/A,N/A,28908,N/A,N/A,22976,N/A,N/A,20984,N/A,N/A,21550,N/A,N/A,15048,N/A,N/A,13482
images/news/20131130-cnc.png,66901,600x300,True,PNG,None,58760,58760,53968,53968,53968,52572,52572,52572,51704,51704,51704,40332,40332,40332,39194,39194,39194,37252,37252,37252,26740,26740,26740,23820,23820,23820,21144,21144,21144
images/news/20150628-carryall-repair.gif,889134,600x300,True,GIF,None,72492,72492,53738,53738,53738,51434,51434,51434,50376,50376,50376,40158,40158,40158,39214,39214,39214,36602,36602,36602,27206,27206,27206,23982,23982,23982,21360,21360,21360
images/news/20180923-techtooltips-lowdpi.png,309995,600x300,False,PNG,None,289216,N/A,N/A,N/A,27362,N/A,N/A,24180,N/A,N/A,22482,N/A,N/A,18748,N/A,N/A,15942,N/A,N/A,14068,N/A,N/A,11332,N/A,N/A,8378,N/A,N/A,7576
images/news/20170110-stats-last-launches.png,12302,599x300,False,PNG,None,8324,N/A,N/A,N/A,10726,N/A,N/A,7706,N/A,N/A,7616,N/A,N/A,9168,N/A,N/A,6358,N/A,N/A,6226,N/A,N/A,7150,N/A,N/A,4936,N/A,N/A,4764
images/news/20140405-beacons.png,61414,600x300,True,PNG,None,54688,54688,43462,43462,43462,37838,37838,37838,35242,35242,35242,32210,32210,32210,27102,27102,27102,24230,24230,24230,20992,20992,20992,16084,16084,16084,14008,14008,14008
images/news/20171014-dmg.png,128579,1200x700,False,PNG,None,109368,N/A,N/A,N/A,32618,N/A,N/A,23210,N/A,N/A,22268,N/A,N/A,26462,N/A,N/A,18386,N/A,N/A,17624,N/A,N/A,19842,N/A,N/A,13036,N/A,N/A,12434
images/news/20170110-stats-mod-popularity-per-language.png,15631,599x300,False,PNG,None,6426,N/A,N/A,N/A,18860,N/A,N/A,14124,N/A,N/A,13912,N/A,N/A,16710,N/A,N/A,12066,N/A,N/A,11836,N/A,N/A,13638,N/A,N/A,9630,N/A,N/A,9376
images/news/20170401-mammoth-hats.png,10618,239x211,False,PNG,None,8444,N/A,N/A,N/A,10746,N/A,N/A,9568,N/A,N/A,9078,N/A,N/A,7636,N/A,N/A,6762,N/A,N/A,6330,N/A,N/A,5342,N/A,N/A,4388,N/A,N/A,4190
images/news/20150329-cnc-refund-tooltip.png,98452,599x300,False,PNG,None,69030,N/A,N/A,N/A,50380,N/A,N/A,48122,N/A,N/A,46794,N/A,N/A,38056,N/A,N/A,36012,N/A,N/A,33256,N/A,N/A,24504,N/A,N/A,21598,N/A,N/A,18926
images/news/20150614-ra-mapeditor.png,43499,599x301,True,PNG,None,39682,39682,35164,35164,35164,31432,31432,31432,29838,29838,29838,26504,26504,26504,23012,23012,23012,20830,20830,20830,17776,17776,17776,13126,13126,13126,11190,11190,11190
images/news/20180610-hinds.png,68944,1200x600,True,PNG,None,55056,55056,102562,102562,102562,91252,91252,91252,85646,85646,85646,72394,72394,72394,64274,64274,64274,60596,60596,60596,49166,49166,49166,39108,39108,39108,37102,37102,37102
images/news/20140709-beacons.png,66304,600x300,True,PNG,None,56950,56950,47728,47728,47728,41558,41558,41558,39926,39926,39926,37946,37946,37946,31968,31968,31968,29948,29948,29948,28250,28250,28250,21312,21312,21312,19314,19314,19314
images/news/20150919-ra-spy.png,33414,600x300,True,PNG,None,31196,31196,31796,31796,31796,24516,24516,24516,23418,23418,23418,24366,24366,24366,18766,18766,18766,17898,17898,17898,18304,18304,18304,13316,13316,13316,12404,12404,12404
images/news/20170408-ragl-III.png,194122,705x285,False,PNG,None,154262,N/A,N/A,N/A,19032,N/A,N/A,13752,N/A,N/A,13372,N/A,N/A,15626,N/A,N/A,10564,N/A,N/A,10152,N/A,N/A,11044,N/A,N/A,7378,N/A,N/A,7068
images/news/20170110-stats-avg-match-length.png,5584,599x300,False,PNG,None,3612,N/A,N/A,N/A,8972,N/A,N/A,6256,N/A,N/A,6202,N/A,N/A,7892,N/A,N/A,5380,N/A,N/A,5258,N/A,N/A,6276,N/A,N/A,4298,N/A,N/A,4176
images/news/20191021-ragl.gif,859475,600x300,True,GIF,None,53590,53590,45768,45768,45768,45892,45892,45892,44282,44282,44282,33374,33374,33374,33012,33012,33012,30438,30438,30438,20518,20518,20518,18894,18894,18894,16342,16342,16342
images/news/20180923-colorpicker-lowdpi.png,126108,600x300,False,PNG,None,111562,N/A,N/A,N/A,22018,N/A,N/A,17268,N/A,N/A,16298,N/A,N/A,19204,N/A,N/A,13396,N/A,N/A,12634,N/A,N/A,14264,N/A,N/A,9676,N/A,N/A,9028
images/news/20161015-td-burningtrees.png,23186,599x300,True,PNG,None,21836,21836,42890,42890,42890,38950,38950,38950,37112,37112,37112,31098,31098,31098,27960,27960,27960,26122,26122,26122,20454,20454,20454,17572,17572,17572,16102,16102,16102
images/news/20161223-new-logo-launchers.png,135045,700x300,False,PNG,None,109800,N/A,N/A,N/A,23124,N/A,N/A,18744,N/A,N/A,18292,N/A,N/A,20174,N/A,N/A,15434,N/A,N/A,15006,N/A,N/A,15760,N/A,N/A,11450,N/A,N/A,11014
images/news/20180610-pifps.png,32416,600x300,True,PNG,None,29188,29188,50558,50558,50558,45826,45826,45826,43774,43774,43774,38762,38762,38762,34304,34304,34304,32696,32696,32696,28790,28790,28790,24024,24024,24024,22798,22798,22798
images/news/20150524-ts-ingame-editor.png,123857,600x300,False,PNG,None,84570,N/A,N/A,N/A,50342,N/A,N/A,44916,N/A,N/A,43702,N/A,N/A,38736,N/A,N/A,34536,N/A,N/A,32544,N/A,N/A,26616,N/A,N/A,21344,N/A,N/A,19704
images/news/20131211-cnc-shroud.png,78030,600x300,True,PNG,None,71006,71006,34558,34558,34558,30640,30640,30640,28320,28320,28320,23010,23010,23010,20784,20784,20784,17616,17616,17616,12650,12650,12650,9946,9946,9946,7990,7990,7990
images/news/20170110-stats-top-ten-mp-maps.png,32001,599x300,False,PNG,None,29294,N/A,N/A,N/A,16760,N/A,N/A,11282,N/A,N/A,11028,N/A,N/A,14806,N/A,N/A,9300,N/A,N/A,9006,N/A,N/A,11110,N/A,N/A,6790,N/A,N/A,6536
images/news/20150424-ra-refund-tooltip.png,80007,599x300,False,PNG,None,57132,N/A,N/A,N/A,48428,N/A,N/A,49208,N/A,N/A,47652,N/A,N/A,36160,N/A,N/A,36102,N/A,N/A,33600,N/A,N/A,22624,N/A,N/A,21920,N/A,N/A,19046
images/news/20140405-potm-banner.jpg,19958,600x224,False,JPG,None,118020,N/A,N/A,N/A,12032,N/A,N/A,9192,N/A,N/A,8832,N/A,N/A,8726,N/A,N/A,6648,N/A,N/A,6352,N/A,N/A,5692,N/A,N/A,4328,N/A,N/A,4090
images/appdata/cnc.png,94640,296x196,True,PNG,Unknown,29118,29118,22990,22990,22990,21238,21238,21238,20664,20664,20664,18528,18528,18528,16758,16758,16758,15806,15806,15806,13240,13240,13240,11638,11638,11638,10476,10476,10476
images/appdata/ra.png,68187,296x196,True,PNG,None,21356,21356,19418,19418,19418,17530,17530,17530,17014,17014,17014,15120,15120,15120,12902,12902,12902,11842,11842,11842,10330,10330,10330,7950,7950,7950,7028,7028,7028
images/appdata/d2k.png,113401,296x196,True,PNG,None,24434,24434,21148,21148,21148,18796,18796,18796,17928,17928,17928,15792,15792,15792,13932,13932,13932,12760,12760,12760,10652,10652,10652,8626,8626,8626,7692,7692,7692
images/icons/ts_32x32.png,3396,32x32,True,PNG,None,1460,992,1682,1670,812,1452,1380,728,1446,1374,724,1602,1590,738,1334,1262,616,1324,1252,606,1460,1448,602,1198,1126,488,1186,1114,478
images/news/20140927-sidebars.png,39461,600x350,True,PNG,None,36752,36752,38412,38412,38412,31586,31586,31586,29934,29934,29934,30432,30432,30432,24368,24368,24368,22944,22944,22944,23102,23102,23102,17098,17098,17098,16002,16002,16002
images/appdata/modchooser.png,215102,960x540,False,PNG,Unknown,128488,N/A,N/A,N/A,54338,N/A,N/A,43420,N/A,N/A,41326,N/A,N/A,44254,N/A,N/A,34058,N/A,N/A,31804,N/A,N/A,32984,N/A,N/A,23422,N/A,N/A,21972
images/icons/ra_32x32.png,1588,32x32,True,PNG,None,1350,1118,834,834,422,674,674,398,662,662,386,762,762,354,604,604,332,590,590,320,694,694,276,526,526,254,520,520,246
images/appdata/ingame-ra.png,56776,624x351,True,PNG,None,44876,44876,49760,49760,49760,42384,42384,42384,40662,40662,40662,39414,39414,39414,32654,32654,32654,30766,30766,30766,28728,28728,28728,21994,21994,21994,20348,20348,20348
images/icons/ra_64x64.png,3361,64x64,True,PNG,None,2604,1734,1862,1854,974,1446,1432,830,1420,1406,806,1732,1724,846,1288,1274,674,1260,1246,644,1550,1542,660,1108,1094,494,1088,1074,480
images/icons/d2k_32x32.png,2105,32x32,True,PNG,None,1590,1286,710,710,306,594,594,314,586,586,302,726,726,330,524,524,252,526,526,248,666,666,264,480,480,200,476,476,194
images/icons/cnc_32x32.png,2569,32x32,True,PNG,None,1708,1424,932,932,568,738,738,488,724,724,474,872,872,508,654,654,404,640,640,390,726,726,362,534,534,284,512,512,262
images/icons/d2k_64x64.png,7532,64x64,True,PNG,None,5830,5024,2600,2558,1368,2246,1872,1162,1958,1840,1128,2346,2304,1140,2010,1636,952,1728,1610,918,2124,2082,904,1788,1414,702,1508,1390,668
images/appdata/ingame-cnc.png,98080,624x351,True,PNG,None,84054,84054,68434,68434,68434,65624,65624,65624,63522,63522,63522,52170,52170,52170,48854,48854,48854,45714,45714,45714,35436,35436,35436,30512,30512,30512,27036,27036,27036
images/news/20190606-map-previews.gif,533250,1200x700,True,GIF,None,209212,209212,200314,200314,200314,183380,183380,183380,174634,174634,174634,153322,153322,153322,136820,136820,136820,125942,125942,125942,106938,106938,106938,87194,87194,87194,77014,77014,77014
images/icons/ts_64x64.png,5694,64x64,True,PNG,None,3892,2608,4112,4120,1936,3772,3470,1750,3712,3454,1730,3946,3954,1760,3484,3182,1466,3428,3170,1460,3590,3598,1422,3134,2832,1130,3072,2814,1098
images/icons/linux-mirrors/flatpak.png,5244,48x48,True,PNG,None,2466,1872,1416,1384,656,1150,1032,504,1074,1024,494,1344,1312,580,1076,958,428,994,944,416,1234,1202,478,978,860,336,900,850,326
images/icons/cnc_64x64.png,7547,64x64,True,PNG,None,4562,4036,2172,2156,1444,1722,1704,1212,1706,1688,1196,1978,1962,1250,1502,1484,992,1468,1450,958,1670,1654,942,1256,1238,746,1198,1180,688
images/news/20231010-darktournament.png,785069,800x700,True,PNG,None,419522,419522,30738,30738,30738,23778,23778,23778,23108,23108,23108,25230,25230,25230,18360,18360,18360,17706,17706,17706,18404,18404,18404,12830,12830,12830,12244,12244,12244
_site/images/bg-disallowed.png,593,17x17,True,PNG,Unknown,740,656,788,788,682,782,782,680,738,782,680,788,788,682,782,782,680,738,782,680,788,788,682,782,782,680,738,782,680
images/appdata/ingame-d2k.png,103761,624x351,True,PNG,None,88810,88810,68202,68202,68202,64684,64684,64684,62552,62552,62552,50446,50446,50446,48050,48050,48050,44734,44734,44734,33696,33696,33696,28088,28088,28088,24946,24946,24946
images/appdata/multiplayer.png,97192,880x495,True,PNG,None,80764,80764,58234,58234,58234,50332,50332,50332,47742,47742,47742,47990,47990,47990,39088,39088,39088,36674,36674,36674,36606,36606,36606,26482,26482,26482,24188,24188,24188
images/icons/chocolatey/ra_128x128.png,8208,128x128,True,PNG,None,5396,3932,3642,3862,2150,2904,2874,1784,2848,2818,1728,3498,3718,2006,2572,2542,1452,2508,2478,1388,3006,3226,1514,2146,2116,1026,2092,2062,972
_site/images/social.png,1464333,1200x630,False,PNG,None,1262874,N/A,N/A,N/A,175314,N/A,N/A,152490,N/A,N/A,143120,N/A,N/A,128884,N/A,N/A,107686,N/A,N/A,99410,N/A,N/A,85312,N/A,N/A,64884,N/A,N/A,58932
images/news/20161223-new-logo.png,150772,512x512,True,PNG,None,129736,112242,51972,54658,38566,42022,39698,30414,40860,38840,29466,46202,48888,32882,36000,33676,24458,34782,32762,23490,38474,41160,25142,28876,26552,17406,27912,25892,16600
_site/images/social.jpg,98618,1200x630,False,JPG,None,764270,N/A,N/A,N/A,137538,N/A,N/A,118930,N/A,N/A,116708,N/A,N/A,109046,N/A,N/A,91746,N/A,N/A,88704,N/A,N/A,77390,N/A,N/A,61698,N/A,N/A,59184
_site/images/bg-texture.jpg,148940,1280x1280,False,JPG,Unknown,637174,N/A,N/A,N/A,14878,N/A,N/A,16482,N/A,N/A,14576,N/A,N/A,7980,N/A,N/A,7750,N/A,N/A,7544,N/A,N/A,5610,N/A,N/A,6078,N/A,N/A,6072
_site/images/heroes/red-alert.png,51556,624x351,True,PNG,None,44876,44876,49760,49760,49760,42384,42384,42384,40662,40662,40662,39414,39414,39414,32654,32654,32654,30766,30766,30766,28728,28728,28728,21994,21994,21994,20348,20348,20348
_site/images/about/fractured-realms.jpg,73445,624x351,False,JPG,None,287752,N/A,N/A,N/A,41996,N/A,N/A,38932,N/A,N/A,36394,N/A,N/A,29984,N/A,N/A,27428,N/A,N/A,24870,N/A,N/A,20416,N/A,N/A,16932,N/A,N/A,15470
_site/images/about/tiberian-sun.jpg,94759,624x351,False,JPG,None,363356,N/A,N/A,N/A,60206,N/A,N/A,56566,N/A,N/A,54120,N/A,N/A,44860,N/A,N/A,41090,N/A,N/A,38384,N/A,N/A,30100,N/A,N/A,25560,N/A,N/A,23208
_site/images/heroes/command-and-conquer.png,93374,624x351,True,PNG,None,84054,84054,68434,68434,68434,65624,65624,65624,63522,63522,63522,52170,52170,52170,48854,48854,48854,45714,45714,45714,35436,35436,35436,30512,30512,30512,27036,27036,27036
_site/images/about/red-alert.png,51556,624x351,True,PNG,None,44876,44876,49760,49760,49760,42384,42384,42384,40662,40662,40662,39414,39414,39414,32654,32654,32654,30766,30766,30766,28728,28728,28728,21994,21994,21994,20348,20348,20348
_site/images/heroes/dune-2000.png,98083,624x351,True,PNG,None,88810,88810,68202,68202,68202,64684,64684,64684,62552,62552,62552,50446,50446,50446,48050,48050,48050,44734,44734,44734,33696,33696,33696,28088,28088,28088,24946,24946,24946
_site/images/news/20150524-ra-map-chooser.png,34180,600x300,False,PNG,None,23036,N/A,N/A,N/A,29064,N/A,N/A,22900,N/A,N/A,22414,N/A,N/A,23812,N/A,N/A,18570,N/A,N/A,17896,N/A,N/A,18202,N/A,N/A,13562,N/A,N/A,12868
_site/images/news/20130514-ra-shellmap.png,402317,620x349,False,PNG,None,354958,N/A,N/A,N/A,36002,N/A,N/A,31402,N/A,N/A,28432,N/A,N/A,23978,N/A,N/A,20548,N/A,N/A,17958,N/A,N/A,15230,N/A,N/A,11768,N/A,N/A,10710
_site/images/news/20210321-spotlight-soon.jpg,91388,1200x674,False,JPG,Unknown,211626,N/A,N/A,N/A,24906,N/A,N/A,19476,N/A,N/A,18976,N/A,N/A,20758,N/A,N/A,15652,N/A,N/A,15214,N/A,N/A,15902,N/A,N/A,12044,N/A,N/A,11644
_site/images/about/dune-2000.png,98083,624x351,True,PNG,None,88810,88810,68202,68202,68202,64684,64684,64684,62552,62552,62552,50446,50446,50446,48050,48050,48050,44734,44734,44734,33696,33696,33696,28088,28088,28088,24946,24946,24946
_site/images/news/20241116-eva.webp,197562,951x645,False,WEBP,Unknown,194536,N/A,N/A,N/A,71128,N/A,N/A,62152,N/A,N/A,60016,N/A,N/A,60480,N/A,N/A,50160,N/A,N/A,48662,N/A,N/A,46944,N/A,N/A,35462,N/A,N/A,33750
_site/images/news/20150424-cnc-server-browser.png,69033,600x300,False,PNG,None,42756,N/A,N/A,N/A,16274,N/A,N/A,13158,N/A,N/A,12772,N/A,N/A,13762,N/A,N/A,10710,N/A,N/A,10366,N/A,N/A,10958,N/A,N/A,7916,N/A,N/A,7618
_site/images/about/command-and-conquer.png,93374,624x351,True,PNG,None,84054,84054,68434,68434,68434,65624,65624,65624,63522,63522,63522,52170,52170,52170,48854,48854,48854,45714,45714,45714,35436,35436,35436,30512,30512,30512,27036,27036,27036
_site/images/news/20150808-d2k-range-circles.png,97939,599x299,False,PNG,None,67158,N/A,N/A,N/A,52074,N/A,N/A,48126,N/A,N/A,45384,N/A,N/A,39312,N/A,N/A,35164,N/A,N/A,32346,N/A,N/A,26634,N/A,N/A,21948,N/A,N/A,19906
_site/images/news/20160904-cnc-contentinstall.png,11845,600x350,True,PNG,None,11020,11020,23302,23302,23302,19026,19026,19026,18630,18630,18630,20380,20380,20380,15872,15872,15872,15548,15548,15548,16456,16456,16456,12214,12214,12214,11838,11838,11838
_site/images/news/20151031-scrolling.png,67650,600x300,True,PNG,None,57610,57610,49702,49702,49702,47042,47042,47042,45390,45390,45390,37724,37724,37724,35426,35426,35426,32888,32888,32888,25606,25606,25606,21692,21692,21692,19342,19342,19342
_site/images/news/20160403-d2k-adv-settings.png,37494,600x300,False,PNG,None,22160,N/A,N/A,N/A,25928,N/A,N/A,21156,N/A,N/A,20510,N/A,N/A,23316,N/A,N/A,17658,N/A,N/A,17066,N/A,N/A,18994,N/A,N/A,13590,N/A,N/A,12628
_site/images/news/20151031-d2k.png,83193,600x300,True,PNG,None,75286,75286,61958,61958,61958,58122,58122,58122,55888,55888,55888,46418,46418,46418,42588,42588,42588,39944,39944,39944,31596,31596,31596,27100,27100,27100,24232,24232,24232
_site/images/news/20140927-aircraft.png,64686,600x300,True,PNG,None,64452,64452,53826,53826,53826,51324,51324,51324,49776,49776,49776,40504,40504,40504,38064,38064,38064,35518,35518,35518,26392,26392,26392,22434,22434,22434,19840,19840,19840
_site/images/news/20200629-selection.png,248584,600x300,False,PNG,None,245352,N/A,N/A,N/A,39614,N/A,N/A,35454,N/A,N/A,33546,N/A,N/A,28816,N/A,N/A,25674,N/A,N/A,23914,N/A,N/A,18478,N/A,N/A,15416,N/A,N/A,14334
_site/images/news/20140608-ra.png,41309,600x300,True,PNG,None,36352,36352,31008,31008,31008,26056,26056,26056,24636,24636,24636,24028,24028,24028,19552,19552,19552,18186,18186,18186,17692,17692,17692,12890,12890,12890,11644,11644,11644
_site/images/news/20150628-editor.png,37587,600x300,True,PNG,None,37692,37692,38722,38722,38722,34228,34228,34228,32124,32124,32124,29976,29976,29976,24392,24392,24392,22130,22130,22130,20104,20104,20104,14384,14384,14384,12280,12280,12280
_site/images/news/20150118-cnc-colored-game-servers-heading.png,64952,600x300,False,PNG,None,39484,N/A,N/A,N/A,16728,N/A,N/A,13190,N/A,N/A,12948,N/A,N/A,13684,N/A,N/A,10876,N/A,N/A,10586,N/A,N/A,10842,N/A,N/A,7888,N/A,N/A,7492
_site/images/news/20140709-techlevels.png,39869,600x300,True,PNG,None,39834,39834,17582,17582,17582,14414,14414,14414,13956,13956,13956,15526,15526,15526,11806,11806,11806,11368,11368,11368,12828,12828,12828,8858,8858,8858,8308,8308,8308
_site/images/news/20160403-ra-team-colors.png,37336,600x300,False,PNG,None,28776,N/A,N/A,N/A,35086,N/A,N/A,28198,N/A,N/A,27178,N/A,N/A,28008,N/A,N/A,22020,N/A,N/A,21086,N/A,N/A,21004,N/A,N/A,15864,N/A,N/A,15012
_site/images/news/20170401-chrono-speed-up.png,35160,347x221,False,PNG,None,25726,N/A,N/A,N/A,17876,N/A,N/A,15938,N/A,N/A,15144,N/A,N/A,14468,N/A,N/A,12086,N/A,N/A,10978,N/A,N/A,10360,N/A,N/A,7498,N/A,N/A,6584
_site/images/news/20171014-commandbar.png,207816,1200x600,False,PNG,None,151220,N/A,N/A,N/A,135108,N/A,N/A,122008,N/A,N/A,116444,N/A,N/A,102586,N/A,N/A,86836,N/A,N/A,82800,N/A,N/A,74670,N/A,N/A,56880,N/A,N/A,54698
_site/images/news/20140602-beacon-clock.png,81037,600x350,True,PNG,None,73650,73650,58940,58940,58940,56656,56656,56656,54922,54922,54922,43604,43604,43604,41316,41316,41316,38740,38740,38740,26898,26898,26898,24518,24518,24518,21560,21560,21560
_site/images/news/20170923-assaultmove.gif,29590,600x300,True,GIF,None,14896,14896,20442,20442,20442,16112,16112,16112,15362,15362,15362,15042,15042,15042,12004,12004,12004,11586,11586,11586,11110,11110,11110,8244,8244,8244,7820,7820,7820
_site/images/news/20160403-cnc-restart-dialog.png,63097,600x301,False,PNG,None,53854,N/A,N/A,N/A,27634,N/A,N/A,24776,N/A,N/A,23042,N/A,N/A,21744,N/A,N/A,18116,N/A,N/A,17126,N/A,N/A,15640,N/A,N/A,12010,N/A,N/A,11252
_site/images/news/20130915-lobby.png,43521,800x600,True,PNG,None,39136,39136,48798,48798,48798,39102,39102,39102,37450,37450,37450,39028,39028,39028,30780,30780,30780,29170,29170,29170,29048,29048,29048,22120,22120,22120,20352,20352,20352
_site/images/news/20151031-modders.png,12917,600x300,True,PNG,None,11844,11844,22038,22038,22038,16376,16376,16376,15712,15712,15712,15368,15368,15368,12798,12798,12798,11892,11892,11892,11022,11022,11022,8354,8354,8354,7960,7960,7960
images/news/20170812-ragl-IV.png,125681,574x285,True,PNG,None,108260,88884,44724,43404,20130,30724,27256,14348,28868,26688,13772,40718,39398,16268,27330,23862,10936,25494,23314,10448,36328,35008,11856,23920,20452,7594,22252,20072,7218
_site/images/news/20150614-web-server-browser.png,40484,600x300,False,PNG,None,24556,N/A,N/A,N/A,22062,N/A,N/A,18896,N/A,N/A,18554,N/A,N/A,18878,N/A,N/A,15456,N/A,N/A,15178,N/A,N/A,14196,N/A,N/A,11472,N/A,N/A,11272
_site/images/news/20141012-missions.png,69990,660x460,True,PNG,None,68844,68844,47830,47830,47830,41440,41440,41440,39258,39258,39258,39752,39752,39752,32588,32588,32588,30648,30648,30648,30348,30348,30348,22478,22478,22478,20496,20496,20496
_site/images/news/20160821-sneakpeek-score-screen.png,49884,600x300,False,PNG,None,50486,N/A,N/A,N/A,18916,N/A,N/A,15562,N/A,N/A,14410,N/A,N/A,15042,N/A,N/A,11582,N/A,N/A,11100,N/A,N/A,12004,N/A,N/A,8348,N/A,N/A,7888
_site/images/news/20151114-copypaste.png,60084,600x300,False,PNG,None,41866,N/A,N/A,N/A,40870,N/A,N/A,36666,N/A,N/A,34964,N/A,N/A,31298,N/A,N/A,26574,N/A,N/A,24808,N/A,N/A,21606,N/A,N/A,16308,N/A,N/A,14036
_site/images/news/20131223-d2k-battle.png,60416,600x300,True,PNG,None,53466,53466,46024,46024,46024,42386,42386,42386,39918,39918,39918,32578,32578,32578,29046,29046,29046,26894,26894,26894,20306,20306,20306,16184,16184,16184,13562,13562,13562
images/news/20180317-ragl-V.png,124606,574x285,True,PNG,None,107266,88084,44484,43160,20070,30442,26996,14172,28594,26460,13638,40462,39138,16190,27124,23678,10810,25256,23122,10296,36088,34764,11800,23744,20298,7572,22042,19908,7156
_site/images/news/20161001-ra-lobby-mission-briefing.png,22876,600x300,False,PNG,None,13710,N/A,N/A,N/A,24726,N/A,N/A,21286,N/A,N/A,20766,N/A,N/A,20486,N/A,N/A,17374,N/A,N/A,16790,N/A,N/A,15610,N/A,N/A,12846,N/A,N/A,12284
_site/images/news/20140608-mapdownloadspawns.png,107506,600x300,False,PNG,None,98760,N/A,N/A,N/A,20586,N/A,N/A,16354,N/A,N/A,15602,N/A,N/A,17394,N/A,N/A,12930,N/A,N/A,12158,N/A,N/A,13492,N/A,N/A,9440,N/A,N/A,8810
images/news/20190209-ragl-banner.png,141609,700x230,True,PNG,None,113524,95374,37002,35396,17616,27518,22960,13672,25476,22366,13052,33624,32018,14432,24430,19872,10536,22406,19296,10006,29740,28134,10530,21080,16522,7230,19132,16022,6750
_site/images/news/20150424-cnc-mission-difficulty.png,81919,600x300,False,PNG,None,77310,N/A,N/A,N/A,19766,N/A,N/A,17012,N/A,N/A,16668,N/A,N/A,17948,N/A,N/A,14390,N/A,N/A,14022,N/A,N/A,14816,N/A,N/A,11380,N/A,N/A,11028
_site/images/news/20180703-mdc2018.jpg,459617,1200x400,False,JPG,None,975852,N/A,N/A,N/A,133766,N/A,N/A,122708,N/A,N/A,117588,N/A,N/A,100570,N/A,N/A,90954,N/A,N/A,84420,N/A,N/A,70552,N/A,N/A,55860,N/A,N/A,49322
images/community/resource-sites.png,233728,720x460,True,PNG,None,173250,165520,34614,31810,25908,25200,23478,20268,23920,22100,19330,29026,26222,20380,20364,18642,15398,19230,17410,14614,23610,20806,14900,15702,13980,10752,14720,12900,10112
_site/images/news/20201213-christmas-static.png,150862,933x333,True,PNG,None,139178,139178,39612,39612,39612,31236,31236,31236,28864,28864,28864,28796,28796,28796,22622,22622,22622,20766,20766,20766,20210,20210,20210,14428,14428,14428,13296,13296,13296
_site/images/news/20150808-ra-infiltrate-production-bonus.png,111329,600x301,False,PNG,None,83456,N/A,N/A,N/A,46352,N/A,N/A,40466,N/A,N/A,38332,N/A,N/A,34314,N/A,N/A,30220,N/A,N/A,27254,N/A,N/A,23982,N/A,N/A,18266,N/A,N/A,15984
_site/images/news/20170722-ra-commandbar.png,70047,600x300,True,PNG,None,68794,68794,70092,70092,70092,66112,66112,66112,64778,64778,64778,56890,56890,56890,52104,52104,52104,49830,49830,49830,42020,42020,42020,35902,35902,35902,32764,32764,32764
images/community/social-media-sites.png,132915,720x460,True,PNG,None,85794,78150,35222,32824,26052,26288,24290,20596,25074,23576,19894,30850,28452,21714,22108,20110,16444,20854,19356,15702,26070,23672,16934,17582,15584,11900,16266,14768,11094
_site/images/news/20170902-agenda-civ-tech.png,58419,600x400,False,PNG,None,43936,N/A,N/A,N/A,25938,N/A,N/A,19674,N/A,N/A,17626,N/A,N/A,18716,N/A,N/A,13438,N/A,N/A,11686,N/A,N/A,12182,N/A,N/A,7946,N/A,N/A,6936
images/community/help-the-devs-sites.png,134046,720x460,True,PNG,None,91958,83882,41296,39520,33286,32538,30566,27110,31296,29724,26346,35262,33486,27244,27078,25106,21652,25670,24098,20722,28454,26678,20436,21076,19104,15642,19568,17996,14614
images/community/discussion-sites.png,137282,720x460,True,PNG,None,89638,81148,30178,27900,21730,22070,20120,16814,20902,19310,16098,25738,23460,17286,18302,16352,13050,17048,15456,12246,21194,18916,12746,14506,12556,9270,13440,11848,8656
_site/images/news/20151031-ra.png,46557,600x300,True,PNG,None,43004,43004,46264,46264,46264,38612,38612,38612,36750,36750,36750,36380,36380,36380,29008,29008,29008,27002,27002,27002,27060,27060,27060,18622,18622,18622,16810,16810,16810
_site/images/news/20130915-explosions.png,32162,340x225,True,PNG,None,30732,30732,26130,26130,26130,23208,23208,23208,22446,22446,22446,20222,20222,20222,17776,17776,17776,16384,16384,16384,13160,13160,13160,10992,10992,10992,9676,9676,9676
images/community/gaming-community-sites.png,299598,720x460,True,PNG,None,213594,199424,49560,46592,39998,38494,36250,32656,36668,34752,31228,41266,38298,31704,30960,28716,25130,29256,27340,23824,33538,30570,23964,23442,21198,17602,21844,19928,16404
_site/images/news/20140722-capturetech.png,98787,600x300,True,PNG,None,90824,90824,58018,58018,58018,54206,54206,54206,52646,52646,52646,44218,44218,44218,42024,42024,42024,39378,39378,39378,31784,31784,31784,27008,27008,27008,24408,24408,24408
_site/images/news/20160403-web-resource-center-map-upgrade.png,36649,599x300,False,PNG,None,27146,N/A,N/A,N/A,25438,N/A,N/A,20430,N/A,N/A,18930,N/A,N/A,21186,N/A,N/A,14994,N/A,N/A,14684,N/A,N/A,15110,N/A,N/A,10710,N/A,N/A,10464
_site/images/news/20140405-ra.png,41693,600x300,True,PNG,None,46020,46020,42928,42928,42928,42936,42936,42936,40864,40864,40864,30470,30470,30470,30396,30396,30396,27814,27814,27814,17080,17080,17080,16324,16324,16324,13788,13788,13788
_site/images/news/20140204-players.png,15940,881x313,True,PNG,None,7180,6594,46456,46312,37424,40238,40120,35402,37386,37538,31476,34430,34286,25276,26860,26742,21656,22942,23094,18128,25014,24870,16162,19064,18946,13646,17114,17266,11992
_site/images/news/20221203-slope.png,917889,800x529,True,PNG,Unknown,566336,566336,68804,68804,68804,61082,61082,61082,58968,58968,58968,51214,51214,51214,44838,44838,44838,42884,42884,42884,34612,34612,34612,30288,30288,30288,29012,29012,29012
_site/images/news/20150614-d2k-building-upgrades.png,67320,600x300,True,PNG,None,61068,61068,47586,47586,47586,42824,42824,42824,41076,41076,41076,36514,36514,36514,31848,31848,31848,29734,29734,29734,25648,25648,25648,19884,19884,19884,17784,17784,17784
_site/images/news/20141029-missions.png,43865,600x330,True,PNG,None,41828,41828,42646,42646,42646,37760,37760,37760,36220,36220,36220,31294,31294,31294,26312,26312,26312,24172,24172,24172,19022,19022,19022,14310,14310,14310,11520,11520,11520
_site/images/news/20150118-d2k-sandworm-carryall.png,72329,600x300,True,PNG,None,65196,65196,54510,54510,54510,52288,52288,52288,50058,50058,50058,40318,40318,40318,38338,38338,38338,34920,34920,34920,25784,25784,25784,22210,22210,22210,19448,19448,19448
_site/images/news/20170401-user-tib-bucks.png,17598,434x196,True,PNG,None,17170,17170,15694,15694,15694,13220,13220,13220,12520,12520,12520,13132,13132,13132,10476,10476,10476,9872,9872,9872,10104,10104,10104,7272,7272,7272,6554,6554,6554
_site/images/news/20190106-editor-2x.png,133017,1200x600,False,PNG,None,85382,N/A,N/A,N/A,141280,N/A,N/A,126518,N/A,N/A,121408,N/A,N/A,100152,N/A,N/A,90024,N/A,N/A,85954,N/A,N/A,69502,N/A,N/A,58758,N/A,N/A,55706
_site/images/news/20131102-qtnk.png,32490,600x250,True,PNG,None,30304,30304,24476,24476,24476,19940,19940,19940,18890,18890,18890,19664,19664,19664,15480,15480,15480,14460,14460,14460,14732,14732,14732,10774,10774,10774,10004,10004,10004
_site/images/news/20131102-a10-strike.png,58816,600x270,True,PNG,None,49374,49374,49036,49036,49036,46644,46644,46644,45608,45608,45608,36840,36840,36840,35114,35114,35114,32974,32974,32974,24218,24218,24218,21250,21250,21250,18686,18686,18686
_site/images/news/20170421-td-hidpi.gif,82096,600x300,True,GIF,None,27274,27274,25934,25934,25934,20350,20350,20350,19598,19598,19598,22472,22472,22472,16212,16212,16212,15702,15702,15702,18244,18244,18244,12008,12008,12008,11556,11556,11556
_site/images/news/20140722-musicdownload.png,12685,600x300,False,PNG,None,7722,N/A,N/A,N/A,13054,N/A,N/A,7352,N/A,N/A,7140,N/A,N/A,10324,N/A,N/A,5900,N/A,N/A,5430,N/A,N/A,7688,N/A,N/A,4134,N/A,N/A,3704
_site/images/news/20150531-ra-editor.png,49668,600x300,False,PNG,None,34140,N/A,N/A,N/A,41830,N/A,N/A,34286,N/A,N/A,32848,N/A,N/A,33248,N/A,N/A,26258,N/A,N/A,24556,N/A,N/A,24472,N/A,N/A,17706,N/A,N/A,16084
_site/images/news/20190209-opportunityfire.gif,677045,600x300,True,GIF,None,41040,41040,22708,22708,22708,17580,17580,17580,16264,16264,16264,17950,17950,17950,13362,13362,13362,12314,12314,12314,13202,13202,13202,8888,8888,8888,8026,8026,8026
_site/images/news/20151031-gamespeed.png,17826,600x380,True,PNG,None,16302,16302,31470,31470,31470,22418,22418,22418,21616,21616,21616,25522,25522,25522,17954,17954,17954,17316,17316,17316,19302,19302,19302,13670,13670,13670,13012,13012,13012
_site/images/news/20180102-mapoptions.png,62963,1200x600,False,PNG,None,34712,N/A,N/A,N/A,44998,N/A,N/A,36034,N/A,N/A,35224,N/A,N/A,38552,N/A,N/A,28146,N/A,N/A,27312,N/A,N/A,29014,N/A,N/A,20726,N/A,N/A,19808
_site/images/news/20190606-directional-powers.gif,546926,590x350,True,GIF,None,20202,20202,17292,17292,17292,15894,15894,15894,15400,15400,15400,10786,10786,10786,9670,9670,9670,9256,9256,9256,5548,5548,5548,4848,4848,4848,4398,4398,4398
_site/images/news/20151031-installer.png,7961,600x300,True,PNG,None,7444,7444,10820,10820,10820,7560,7560,7560,7182,7182,7182,11320,11320,11320,6106,6106,6106,5846,5846,5846,8574,8574,8574,4506,4506,4506,4358,4358,4358
_site/images/news/20190606-td-sidebar.gif,545519,1200x700,True,GIF,None,172172,172172,162752,162752,162752,151598,151598,151598,142716,142716,142716,117358,117358,117358,104866,104866,104866,96298,96298,96298,75830,75830,75830,63922,63922,63922,59118,59118,59118
_site/images/news/20150919-d2k-repairs.png,81473,600x300,True,PNG,None,66088,66088,54020,54020,54020,51330,51330,51330,49172,49172,49172,39138,39138,39138,36556,36556,36556,33594,33594,33594,25782,25782,25782,21192,21192,21192,18282,18282,18282
_site/images/news/20180610-download.png,49814,1200x701,True,PNG,None,40734,40734,86472,86472,86472,70808,70808,70808,69622,69622,69622,75462,75462,75462,57568,57568,57568,56538,56538,56538,61180,61180,61180,42550,42550,42550,41254,41254,41254
_site/images/news/20130809-website-promo-2.png,67354,578x338,False,PNG,None,53924,N/A,N/A,N/A,35034,N/A,N/A,28676,N/A,N/A,28232,N/A,N/A,30418,N/A,N/A,23532,N/A,N/A,23130,N/A,N/A,24414,N/A,N/A,17338,N/A,N/A,16900
_site/images/news/20201213-discord.png,100716,1200x600,False,PNG,Unknown,49614,N/A,N/A,N/A,18444,N/A,N/A,12890,N/A,N/A,12470,N/A,N/A,16446,N/A,N/A,10850,N/A,N/A,10404,N/A,N/A,13412,N/A,N/A,8344,N/A,N/A,7962
_site/images/news/20131102-haos-ridges-cnc.png,5991,217x269,True,PNG,None,5886,5886,9792,9792,9792,7450,7450,7450,7342,7342,7342,8378,8378,8378,6100,6100,6100,5944,5944,5944,6708,6708,6708,4640,4640,4640,4476,4476,4476
_site/images/news/20150329-ra-randomcountries-dropdown.png,17511,600x300,False,PNG,None,9414,N/A,N/A,N/A,17910,N/A,N/A,13156,N/A,N/A,12712,N/A,N/A,15432,N/A,N/A,10918,N/A,N/A,10428,N/A,N/A,12138,N/A,N/A,8252,N/A,N/A,7790
images/bg-logos.png,106370,2400x558,True,PNG,None,91310,90462,262108,262108,113348,178422,178422,92304,168550,170968,89696,239814,239814,92156,158352,158352,73514,148298,150716,70498,209692,209692,63022,130584,130584,47176,119306,121724,43012
_site/images/news/20170902-ragl-iv-gnrl.jpg,351197,672x533,False,JPG,None,542418,N/A,N/A,N/A,94338,N/A,N/A,87410,N/A,N/A,85040,N/A,N/A,74802,N/A,N/A,64940,N/A,N/A,61180,N/A,N/A,49964,N/A,N/A,39564,N/A,N/A,34388
_site/images/news/20170304-tibsun.png,75193,600x300,True,PNG,None,70286,70286,35044,35044,35044,31344,31344,31344,28884,28884,28884,24604,24604,24604,21136,21136,21136,19068,19068,19068,15084,15084,15084,11878,11878,11878,10344,10344,10344
_site/images/news/20150628-ts-shroud.png,157490,600x300,False,PNG,None,212524,N/A,N/A,N/A,39058,N/A,N/A,32922,N/A,N/A,30808,N/A,N/A,27974,N/A,N/A,23784,N/A,N/A,22008,N/A,N/A,18874,N/A,N/A,14134,N/A,N/A,12642
_site/images/news/20150405-d2k-blendmodes.png,99770,600x300,False,PNG,None,61390,N/A,N/A,N/A,50890,N/A,N/A,49814,N/A,N/A,48012,N/A,N/A,36754,N/A,N/A,35634,N/A,N/A,33140,N/A,N/A,22110,N/A,N/A,20586,N/A,N/A,17862
_site/images/news/20180825-badges.png,73515,1200x600,False,PNG,None,39586,N/A,N/A,N/A,61614,N/A,N/A,50230,N/A,N/A,48998,N/A,N/A,55180,N/A,N/A,40568,N/A,N/A,39642,N/A,N/A,44874,N/A,N/A,31102,N/A,N/A,29682
_site/images/news/20140602-openra-resources.png,127123,600x350,False,PNG,None,109664,N/A,N/A,N/A,36402,N/A,N/A,28876,N/A,N/A,26992,N/A,N/A,29068,N/A,N/A,21626,N/A,N/A,20150,N/A,N/A,20170,N/A,N/A,14428,N/A,N/A,13470
_site/images/news/20180923-techtooltips.png,177184,1200x600,False,PNG,None,117390,N/A,N/A,N/A,114232,N/A,N/A,102272,N/A,N/A,96550,N/A,N/A,79586,N/A,N/A,68962,N/A,N/A,63828,N/A,N/A,49416,N/A,N/A,39502,N/A,N/A,34246
_site/images/news/20160904-ts-teaser.png,81923,600x300,True,PNG,None,76932,76932,47430,47430,47430,44662,44662,44662,42078,42078,42078,33982,33982,33982,32186,32186,32186,29332,29332,29332,21688,21688,21688,18882,18882,18882,16866,16866,16866
_site/images/news/20180729-profiles.png,53700,1200x600,True,PNG,None,33174,33174,77266,77266,77266,64894,64894,64894,61080,61080,61080,62074,62074,62074,48034,48034,48034,45334,45334,45334,46948,46948,46948,32850,32850,32850,30488,30488,30488
_site/images/news/20131102-settings.png,54789,600x351,False,PNG,None,48864,N/A,N/A,N/A,23878,N/A,N/A,19718,N/A,N/A,18746,N/A,N/A,20196,N/A,N/A,15516,N/A,N/A,14916,N/A,N/A,16290,N/A,N/A,11600,N/A,N/A,10904
_site/images/news/20150919-returntomap.png,33022,600x300,True,PNG,None,33962,33962,23352,23352,23352,19860,19860,19860,18632,18632,18632,19406,19406,19406,15044,15044,15044,13928,13928,13928,14416,14416,14416,10202,10202,10202,9342,9342,9342
_site/images/news/20150405-ra-random-ingame.png,77630,600x300,False,PNG,None,54286,N/A,N/A,N/A,21582,N/A,N/A,17014,N/A,N/A,15976,N/A,N/A,16684,N/A,N/A,12574,N/A,N/A,11636,N/A,N/A,11956,N/A,N/A,8460,N/A,N/A,7794
_site/images/news/20150524-d2k-building-upgrades.png,118555,548x302,False,PNG,None,83754,N/A,N/A,N/A,43830,N/A,N/A,38346,N/A,N/A,36942,N/A,N/A,33980,N/A,N/A,29002,N/A,N/A,27292,N/A,N/A,23946,N/A,N/A,17696,N/A,N/A,15912
_site/images/news/20241116-vortex.webp,1604378,1578x1132,False,WEBP,Unknown,1601878,N/A,N/A,N/A,152708,N/A,N/A,129740,N/A,N/A,125912,N/A,N/A,110028,N/A,N/A,95180,N/A,N/A,93716,N/A,N/A,77286,N/A,N/A,65176,N/A,N/A,65028
_site/images/news/20180729-shatteredparadise.png,172052,600x300,False,PNG,None,126520,N/A,N/A,N/A,58048,N/A,N/A,55388,N/A,N/A,53224,N/A,N/A,43834,N/A,N/A,41458,N/A,N/A,38864,N/A,N/A,30074,N/A,N/A,26798,N/A,N/A,24106
_site/images/news/20160821-ragls2-banner.png,211411,640x240,False,PNG,None,173520,N/A,N/A,N/A,33342,N/A,N/A,27878,N/A,N/A,26764,N/A,N/A,28540,N/A,N/A,21928,N/A,N/A,20970,N/A,N/A,21588,N/A,N/A,15602,N/A,N/A,14748
_site/images/news/20131211-d2k-shroud.png,63033,600x300,True,PNG,None,57942,57942,24436,24436,24436,21702,21702,21702,19650,19650,19650,15246,15246,15246,12598,12598,12598,10420,10420,10420,7648,7648,7648,5662,5662,5662,4442,4442,4442
_site/images/news/20140608-modchooser.png,62128,600x300,False,PNG,None,68648,N/A,N/A,N/A,27586,N/A,N/A,19092,N/A,N/A,18370,N/A,N/A,23360,N/A,N/A,15000,N/A,N/A,13990,N/A,N/A,15022,N/A,N/A,10010,N/A,N/A,9286
_site/images/news/20170304-hidpi.png,16893,600x300,True,PNG,None,15552,15552,32076,32076,32076,25636,25636,25636,24972,24972,24972,26498,26498,26498,21128,21128,21128,20216,20216,20216,21210,21210,21210,15780,15780,15780,15226,15226,15226
_site/images/news/20161015-d2k-scorescreen.png,70419,600x300,False,PNG,None,39336,N/A,N/A,N/A,27210,N/A,N/A,22866,N/A,N/A,21850,N/A,N/A,21082,N/A,N/A,16926,N/A,N/A,15512,N/A,N/A,15788,N/A,N/A,11476,N/A,N/A,10456
_site/images/news/20141012-tibsun.png,72837,600x300,True,PNG,None,67800,67800,56024,56024,56024,52104,52104,52104,49864,49864,49864,41806,41806,41806,38730,38730,38730,36428,36428,36428,28642,28642,28642,24590,24590,24590,22234,22234,22234
_site/images/news/20150614-cnc-missions.png,25219,599x300,True,PNG,None,22800,22800,27354,27354,27354,22818,22818,22818,22336,22336,22336,23150,23150,23150,19102,19102,19102,18670,18670,18670,18720,18720,18720,14516,14516,14516,14044,14044,14044
_site/images/news/20170304-gapgen.png,37009,600x300,True,PNG,None,34796,34796,32244,32244,32244,25670,25670,25670,24164,24164,24164,24916,24916,24916,19636,19636,19636,18188,18188,18188,18698,18698,18698,13096,13096,13096,11936,11936,11936
_site/images/news/20160403-d2k-worm-trail.png,57677,600x300,True,PNG,None,50696,50696,50166,50166,50166,49528,49528,49528,47418,47418,47418,35408,35408,35408,35172,35172,35172,32218,32218,32218,20978,20978,20978,18896,18896,18896,15632,15632,15632
_site/images/news/20150118-ra-countries-dropdown.png,22560,600x300,False,PNG,None,10982,N/A,N/A,N/A,20258,N/A,N/A,15354,N/A,N/A,14938,N/A,N/A,16922,N/A,N/A,12684,N/A,N/A,12270,N/A,N/A,13580,N/A,N/A,9662,N/A,N/A,9154
_site/images/news/20160904-ra-aiengineer.png,55456,600x300,True,PNG,None,53972,53972,46156,46156,46156,41868,41868,41868,40396,40396,40396,34832,34832,34832,30902,30902,30902,28338,28338,28338,22096,22096,22096,17724,17724,17724,15176,15176,15176
_site/images/news/20170722-d2k-editor.png,99122,600x300,False,PNG,None,60444,N/A,N/A,N/A,43406,N/A,N/A,40112,N/A,N/A,37288,N/A,N/A,31268,N/A,N/A,27248,N/A,N/A,24876,N/A,N/A,19668,N/A,N/A,16054,N/A,N/A,14026
_site/images/news/20190106-editor.png,94870,600x300,False,PNG,None,59852,N/A,N/A,N/A,48538,N/A,N/A,44230,N/A,N/A,42328,N/A,N/A,36890,N/A,N/A,32782,N/A,N/A,30678,N/A,N/A,24940,N/A,N/A,19922,N/A,N/A,17536
_site/images/news/20131130-healthbars.png,58660,600x300,True,PNG,None,56086,56086,53526,53526,53526,51558,51558,51558,49862,49862,49862,41370,41370,41370,38950,38950,38950,36682,36682,36682,26418,26418,26418,24052,24052,24052,21254,21254,21254
_site/images/news/20190606-spectator-UI.png,242522,802x468,False,PNG,None,296480,N/A,N/A,N/A,93104,N/A,N/A,85960,N/A,N/A,80138,N/A,N/A,68736,N/A,N/A,60372,N/A,N/A,55704,N/A,N/A,47534,N/A,N/A,36196,N/A,N/A,32104
_site/images/news/20170421-d2k-new-missions.png,102544,599x300,False,PNG,None,113382,N/A,N/A,N/A,24050,N/A,N/A,21144,N/A,N/A,20020,N/A,N/A,19490,N/A,N/A,15926,N/A,N/A,15470,N/A,N/A,14916,N/A,N/A,11574,N/A,N/A,11092
_site/images/news/20210321-website.png,689368,1200x650,False,PNG,Unknown,404794,N/A,N/A,N/A,58506,N/A,N/A,49562,N/A,N/A,47770,N/A,N/A,51084,N/A,N/A,39822,N/A,N/A,38576,N/A,N/A,44824,N/A,N/A,30350,N/A,N/A,29114
_site/images/news/20151031-multiplayer.png,68031,600x440,True,PNG,None,66794,66794,37930,37930,37930,31914,31914,31914,30246,30246,30246,30018,30018,30018,23664,23664,23664,22156,22156,22156,21440,21440,21440,15996,15996,15996,14728,14728,14728
_site/images/news/20130915-ra2voxels.png,97222,700x541,True,PNG,None,84430,84430,87898,87898,87898,75696,75696,75696,72260,72260,72260,67342,67342,67342,55326,55326,55326,50846,50846,50846,45946,45946,45946,32572,32572,32572,28502,28502,28502
_site/images/news/20230801-smoke.png,965283,700x567,True,PNG,Unknown,683790,683790,79754,79754,79754,73570,73570,73570,69822,69822,69822,57740,57740,57740,52526,52526,52526,50202,50202,50202,38198,38198,38198,33388,33388,33388,32414,32414,32414
_site/images/news/20150830-new-ra-production-overlays.png,280486,600x300,False,PNG,None,201598,N/A,N/A,N/A,40736,N/A,N/A,34826,N/A,N/A,33032,N/A,N/A,32952,N/A,N/A,27538,N/A,N/A,25624,N/A,N/A,24608,N/A,N/A,19282,N/A,N/A,17980
_site/images/news/20161223-new-logo-modchooser.png,103777,790x400,False,PNG,None,98280,N/A,N/A,N/A,32104,N/A,N/A,24974,N/A,N/A,23864,N/A,N/A,25912,N/A,N/A,19404,N/A,N/A,18150,N/A,N/A,19498,N/A,N/A,13344,N/A,N/A,12476
images/news/20181003-ragl-vi.png,168679,700x310,True,PNG,None,136462,113348,50242,47186,20706,35344,29070,15710,32752,28386,14980,46736,43680,17272,31742,25468,12150,29190,24824,11552,42376,39320,12710,28024,21750,8452,25510,21144,7866
_site/images/news/20140722-techlevels.png,45423,600x300,False,PNG,None,46908,N/A,N/A,N/A,19420,N/A,N/A,15348,N/A,N/A,14840,N/A,N/A,16766,N/A,N/A,12516,N/A,N/A,12040,N/A,N/A,13268,N/A,N/A,9718,N/A,N/A,8976
_site/images/news/20170722-launchers.png,57290,600x300,False,PNG,None,48172,N/A,N/A,N/A,14708,N/A,N/A,11334,N/A,N/A,11078,N/A,N/A,12492,N/A,N/A,9118,N/A,N/A,8874,N/A,N/A,9724,N/A,N/A,6568,N/A,N/A,6292
_site/images/news/20170110-stats-most-popular-maps.png,47693,1199x599,False,PNG,None,27620,N/A,N/A,N/A,41062,N/A,N/A,27956,N/A,N/A,27672,N/A,N/A,38570,N/A,N/A,24648,N/A,N/A,24202,N/A,N/A,33354,N/A,N/A,19608,N/A,N/A,19134
_site/images/news/20200629-civilians.png,222014,600x300,True,PNG,None,164680,164680,47320,47320,47320,46086,46086,46086,44142,44142,44142,34876,34876,34876,33144,33144,33144,30338,30338,30338,21354,21354,21354,19372,19372,19372,16982,16982,16982
_site/images/news/20160424-os-shares.png,44564,600x300,False,PNG,None,35148,N/A,N/A,N/A,15090,N/A,N/A,10468,N/A,N/A,10190,N/A,N/A,12848,N/A,N/A,8506,N/A,N/A,8166,N/A,N/A,9590,N/A,N/A,6142,N/A,N/A,5842
_site/images/news/20170110-stats-enable-sysinfo-checkbox.png,128670,600x300,False,PNG,None,84094,N/A,N/A,N/A,27212,N/A,N/A,21740,N/A,N/A,20760,N/A,N/A,21462,N/A,N/A,16816,N/A,N/A,15730,N/A,N/A,15724,N/A,N/A,12088,N/A,N/A,10850
_site/images/news/20150424-ts-teaser.png,116452,600x300,False,PNG,None,145344,N/A,N/A,N/A,61632,N/A,N/A,56854,N/A,N/A,54416,N/A,N/A,47258,N/A,N/A,43024,N/A,N/A,40706,N/A,N/A,33292,N/A,N/A,28376,N/A,N/A,26132
_site/images/news/20131209-openra-utility.png,195673,600x300,False,PNG,None,170172,N/A,N/A,N/A,40342,N/A,N/A,34158,N/A,N/A,33568,N/A,N/A,33818,N/A,N/A,28836,N/A,N/A,28464,N/A,N/A,27892,N/A,N/A,23174,N/A,N/A,22838
_site/images/news/20180102-serverplayers.png,46918,1200x600,True,PNG,None,25348,25348,61048,61048,61048,52738,52738,52738,51370,51370,51370,51888,51888,51888,42352,42352,42352,40850,40850,40850,42540,42540,42540,30724,30724,30724,29134,29134,29134
_site/images/news/20160904-d2k-playerscore.png,32669,600x350,True,PNG,None,23614,23614,28874,28874,28874,24922,24922,24922,23580,23580,23580,22052,22052,22052,17866,17866,17866,16604,16604,16604,16728,16728,16728,12202,12202,12202,11338,11338,11338
_site/images/news/20160403-cnc-nod-colors.png,19106,600x300,True,PNG,None,18502,18502,34066,34066,34066,31222,31222,31222,29132,29132,29132,23412,23412,23412,20748,20748,20748,19568,19568,19568,16384,16384,16384,14344,14344,14344,13562,13562,13562
_site/images/news/20221203-hpf.png,1044597,800x525,True,PNG,Unknown,766120,766120,94212,94212,94212,84432,84432,84432,77156,77156,77156,71156,71156,71156,61728,61728,61728,58014,58014,58014,50702,50702,50702,40520,40520,40520,37898,37898,37898
_site/images/news/20140405-modchooser.png,75329,600x350,False,PNG,None,95968,N/A,N/A,N/A,30880,N/A,N/A,23684,N/A,N/A,22620,N/A,N/A,25684,N/A,N/A,18654,N/A,N/A,17282,N/A,N/A,18782,N/A,N/A,12230,N/A,N/A,11078
_site/images/news/2017-christmas.gif,186561,934x540,True,GIF,None,31276,31276,58842,58842,58842,46462,46462,46462,43780,43780,43780,45466,45466,45466,34388,34388,34388,32044,32044,32044,31560,31560,31560,21816,21816,21816,19818,19818,19818
_site/images/news/20140927-objectives.png,26412,600x300,True,PNG,None,26620,26620,19846,19846,19846,16586,16586,16586,15326,15326,15326,16706,16706,16706,12590,12590,12590,11622,11622,11622,12412,12412,12412,8314,8314,8314,7606,7606,7606
_site/images/news/20200303-rallypoint.gif,73176,600x300,True,GIF,None,20624,20624,39638,39638,39638,37406,37406,37406,35596,35596,35596,29084,29084,29084,26728,26728,26728,25272,25272,25272,19818,19818,19818,17418,17418,17418,16494,16494,16494
_site/images/news/20130514-bridge-repair.png,64812,235x222,False,PNG,None,23030,N/A,N/A,N/A,11324,N/A,N/A,10456,N/A,N/A,9558,N/A,N/A,7282,N/A,N/A,6934,N/A,N/A,5870,N/A,N/A,4130,N/A,N/A,3492,N/A,N/A,2804
_site/images/news/20140608-d2k.png,75466,600x304,True,PNG,None,65648,65648,60982,60982,60982,57492,57492,57492,56012,56012,56012,46724,46724,46724,44036,44036,44036,41552,41552,41552,32520,32520,32520,28682,28682,28682,25838,25838,25838
_site/images/news/20151031-tddefend.png,89695,600x300,False,PNG,None,63432,N/A,N/A,N/A,55792,N/A,N/A,53556,N/A,N/A,51784,N/A,N/A,42346,N/A,N/A,39814,N/A,N/A,37204,N/A,N/A,28580,N/A,N/A,24380,N/A,N/A,21958
_site/images/news/20170401-new-factions.png,24534,350x290,False,PNG,None,17600,N/A,N/A,N/A,15012,N/A,N/A,11600,N/A,N/A,11252,N/A,N/A,12694,N/A,N/A,9468,N/A,N/A,9216,N/A,N/A,10088,N/A,N/A,7362,N/A,N/A,7074
_site/images/news/20180729-chronovortex.png,68575,600x300,False,PNG,None,43928,N/A,N/A,N/A,40214,N/A,N/A,39892,N/A,N/A,38136,N/A,N/A,28844,N/A,N/A,27826,N/A,N/A,25700,N/A,N/A,16782,N/A,N/A,15868,N/A,N/A,13174
_site/images/news/20231010-darkcolors.png,779240,800x422,True,PNG,Unknown,486954,486954,74106,74106,74106,68558,68558,68558,63106,63106,63106,54488,54488,54488,48314,48314,48314,45032,45032,45032,38132,38132,38132,30906,30906,30906,28668,28668,28668
_site/images/news/20170401-color-picker.png,103290,476x433,False,PNG,None,131340,N/A,N/A,N/A,18420,N/A,N/A,13268,N/A,N/A,12770,N/A,N/A,15734,N/A,N/A,10372,N/A,N/A,9928,N/A,N/A,11748,N/A,N/A,7390,N/A,N/A,6978
_site/images/news/20200629-lighting.png,206257,600x300,True,PNG,None,240618,240618,44328,44328,44328,41600,41600,41600,38704,38704,38704,32752,32752,32752,29672,29672,29672,27152,27152,27152,21738,21738,21738,18366,18366,18366,16750,16750,16750
_site/images/news/20191021-tibsun.png,154106,600x300,False,PNG,None,108906,N/A,N/A,N/A,65958,N/A,N/A,63842,N/A,N/A,62380,N/A,N/A,51234,N/A,N/A,49808,N/A,N/A,47388,N/A,N/A,36284,N/A,N/A,33518,N/A,N/A,30936
_site/images/news/20170110-stats-downloads-vs-users.png,10514,599x300,False,PNG,None,5362,N/A,N/A,N/A,9316,N/A,N/A,6636,N/A,N/A,6592,N/A,N/A,7884,N/A,N/A,5650,N/A,N/A,5568,N/A,N/A,6238,N/A,N/A,4306,N/A,N/A,4202
_site/images/news/20130514-d2k-lobby.png,175106,811x291,True,PNG,Unknown,101338,101338,40076,40076,40076,32352,32352,32352,30832,30832,30832,33908,33908,33908,25912,25912,25912,24986,24986,24986,27318,27318,27318,20002,20002,20002,19038,19038,19038
_site/images/news/20140608-beacons.png,78744,600x300,True,PNG,None,73382,73382,46760,46760,46760,43162,43162,43162,41812,41812,41812,35554,35554,35554,31454,31454,31454,29262,29262,29262,23752,23752,23752,18894,18894,18894,16300,16300,16300
_site/images/news/20160329-ragl-announcement.png,225665,600x300,False,PNG,None,185600,N/A,N/A,N/A,34582,N/A,N/A,27944,N/A,N/A,26936,N/A,N/A,28390,N/A,N/A,21484,N/A,N/A,20438,N/A,N/A,21410,N/A,N/A,15138,N/A,N/A,14370
_site/images/news/20230225-2023.png,130450,700x343,False,PNG,Unknown,303906,N/A,N/A,N/A,50106,N/A,N/A,46792,N/A,N/A,42590,N/A,N/A,34246,N/A,N/A,31428,N/A,N/A,28124,N/A,N/A,20808,N/A,N/A,18612,N/A,N/A,16968
_site/images/news/20221203-td.png,1282483,800x618,True,PNG,Unknown,931180,931180,112466,112466,112466,105160,105160,105160,99642,99642,99642,78078,78078,78078,75176,75176,75176,69688,69688,69688,51304,51304,51304,46274,46274,46274,42488,42488,42488
_site/images/news/20180102-winmacos.png,108032,1200x600,False,PNG,None,106220,N/A,N/A,N/A,38696,N/A,N/A,25920,N/A,N/A,25432,N/A,N/A,31202,N/A,N/A,20950,N/A,N/A,20474,N/A,N/A,24940,N/A,N/A,15690,N/A,N/A,15088
_site/images/news/20131223-assetbrowser.png,80662,600x300,False,PNG,None,68178,N/A,N/A,N/A,12494,N/A,N/A,9764,N/A,N/A,9364,N/A,N/A,10270,N/A,N/A,7730,N/A,N/A,7500,N/A,N/A,8012,N/A,N/A,5740,N/A,N/A,5500
_site/images/news/20170110-stats-mod-popularity.png,9565,599x300,False,PNG,None,4820,N/A,N/A,N/A,8676,N/A,N/A,6252,N/A,N/A,6174,N/A,N/A,7828,N/A,N/A,5342,N/A,N/A,5248,N/A,N/A,5954,N/A,N/A,4188,N/A,N/A,4078
_site/images/news/20150408-d2k-serverbrowser.png,33745,600x300,False,PNG,None,20532,N/A,N/A,N/A,18850,N/A,N/A,16480,N/A,N/A,15830,N/A,N/A,16330,N/A,N/A,13240,N/A,N/A,12772,N/A,N/A,13388,N/A,N/A,9656,N/A,N/A,9254
_site/images/news/20200303-introduction.png,206188,1300x900,False,PNG,None,136416,N/A,N/A,N/A,106044,N/A,N/A,94510,N/A,N/A,92188,N/A,N/A,87618,N/A,N/A,73618,N/A,N/A,71600,N/A,N/A,67404,N/A,N/A,51324,N/A,N/A,49630
_site/images/news/20170722-td-buildinghitshapes.png,64574,600x300,True,PNG,None,58458,58458,54614,54614,54614,51892,51892,51892,50874,50874,50874,41004,41004,41004,38784,38784,38784,37012,37012,37012,27316,27316,27316,23476,23476,23476,20508,20508,20508
_site/images/news/20141020-replays.png,32033,600x350,True,PNG,None,28886,28886,36216,36216,36216,29616,29616,29616,28048,28048,28048,28162,28162,28162,22638,22638,22638,21016,21016,21016,20746,20746,20746,15410,15410,15410,14348,14348,14348
_site/images/news/20140207-players.png,15811,881x313,True,PNG,None,7190,6646,41802,41662,32900,34570,34482,29120,32962,33078,27680,31258,31118,22610,26324,26236,20852,21720,21836,16436,24268,24128,15724,18122,18034,12620,16816,16932,11582
_site/images/news/20150524-cnc-nod06a.png,135720,600x300,False,PNG,None,122450,N/A,N/A,N/A,43490,N/A,N/A,36296,N/A,N/A,34596,N/A,N/A,36010,N/A,N/A,27868,N/A,N/A,25508,N/A,N/A,27332,N/A,N/A,17780,N/A,N/A,15584
_site/images/news/20180610-tibsun.png,128054,1200x600,True,PNG,None,106760,106760,188836,188836,188836,172496,172496,172496,165262,165262,165262,142532,142532,142532,128906,128906,128906,120770,120770,120770,97588,97588,97588,82580,82580,82580,74988,74988,74988
_site/images/news/20180923-colorpicker.png,107013,1200x600,False,PNG,None,61860,N/A,N/A,N/A,56370,N/A,N/A,45500,N/A,N/A,43806,N/A,N/A,45500,N/A,N/A,34304,N/A,N/A,32018,N/A,N/A,33192,N/A,N/A,23558,N/A,N/A,22362
_site/images/news/20151129-editor-actor-remap.png,51950,600x300,False,PNG,None,37108,N/A,N/A,N/A,34222,N/A,N/A,28384,N/A,N/A,27336,N/A,N/A,26348,N/A,N/A,20918,N/A,N/A,18746,N/A,N/A,18238,N/A,N/A,12390,N/A,N/A,10826
_site/images/news/20161015-ra-contentinstaller.png,39849,600x300,False,PNG,None,37646,N/A,N/A,N/A,23176,N/A,N/A,18980,N/A,N/A,18596,N/A,N/A,19882,N/A,N/A,15710,N/A,N/A,15374,N/A,N/A,15986,N/A,N/A,12078,N/A,N/A,11740
_site/images/news/20160821-sneakpeek-mp-missions.png,16404,600x300,False,PNG,None,10860,N/A,N/A,N/A,19228,N/A,N/A,14606,N/A,N/A,13932,N/A,N/A,14794,N/A,N/A,11146,N/A,N/A,10358,N/A,N/A,10742,N/A,N/A,7920,N/A,N/A,7118
_site/images/news/20150424-ra-country-dropdown.png,19555,600x300,False,PNG,None,10802,N/A,N/A,N/A,19554,N/A,N/A,15200,N/A,N/A,14802,N/A,N/A,17118,N/A,N/A,12634,N/A,N/A,12246,N/A,N/A,13756,N/A,N/A,9794,N/A,N/A,9328
_site/images/news/20160821-sneakpeek-nod-campaign.png,101457,600x300,False,PNG,None,88882,N/A,N/A,N/A,24348,N/A,N/A,20236,N/A,N/A,19904,N/A,N/A,21574,N/A,N/A,17158,N/A,N/A,16896,N/A,N/A,17466,N/A,N/A,13490,N/A,N/A,13100
_site/images/news/20190106-dog-attack.gif,1355367,600x300,True,GIF,None,94540,94540,32712,32712,32712,31384,31384,31384,29362,29362,29362,23764,23764,23764,23086,23086,23086,21428,21428,21428,16166,16166,16166,15106,15106,15106,14266,14266,14266
_site/images/news/20130514-conyard-radius.png,298985,560x330,False,PNG,Unknown,75712,N/A,N/A,N/A,62260,N/A,N/A,60474,N/A,N/A,59044,N/A,N/A,48192,N/A,N/A,46262,N/A,N/A,43972,N/A,N/A,34072,N/A,N/A,30476,N/A,N/A,27558
_site/images/news/20150329-d2k-sidebar.png,222303,600x600,False,PNG,None,145088,N/A,N/A,N/A,114266,N/A,N/A,104336,N/A,N/A,101134,N/A,N/A,88524,N/A,N/A,78280,N/A,N/A,74310,N/A,N/A,61642,N/A,N/A,48960,N/A,N/A,44010
_site/images/news/20190825-waypoint.png,110481,1200x600,False,PNG,None,74422,N/A,N/A,N/A,134400,N/A,N/A,130354,N/A,N/A,122782,N/A,N/A,91938,N/A,N/A,88422,N/A,N/A,82102,N/A,N/A,60528,N/A,N/A,57134,N/A,N/A,53984
_site/images/news/20221203-dune.png,1584082,800x759,True,PNG,Unknown,1100788,1100788,127946,127946,127946,121368,121368,121368,113940,113940,113940,89782,89782,89782,83524,83524,83524,77540,77540,77540,57128,57128,57128,48186,48186,48186,45066,45066,45066
_site/images/news/20150628-ra-soviet05-screenshot-showcase.png,75042,600x300,False,PNG,None,52974,N/A,N/A,N/A,35120,N/A,N/A,30904,N/A,N/A,29246,N/A,N/A,26064,N/A,N/A,22160,N/A,N/A,19944,N/A,N/A,16676,N/A,N/A,11968,N/A,N/A,9948
_site/images/news/20181215-kknd-alpha.png,75418,600x300,True,PNG,None,61936,61936,64462,64462,64462,62674,62674,62674,61716,61716,61716,51146,51146,51146,49048,49048,49048,46886,46886,46886,35506,35506,35506,32866,32866,32866,30166,30166,30166
_site/images/news/20160904-cnc-burningtrees.png,47637,600x300,True,PNG,None,44878,44878,38536,38536,38536,38104,38104,38104,36396,36396,36396,26680,26680,26680,26208,26208,26208,23942,23942,23942,14980,14980,14980,13736,13736,13736,10974,10974,10974
_site/images/news/20141020-monstertanks.png,28890,600x300,True,PNG,None,26670,26670,19470,19470,19470,14798,14798,14798,13430,13430,13430,14342,14342,14342,10500,10500,10500,9322,9322,9322,9584,9584,9584,6512,6512,6512,5888,5888,5888
_site/images/news/20150329-ts-snow-preview.png,104960,600x450,True,PNG,None,94674,94674,88414,88414,88414,79782,79782,79782,76446,76446,76446,67332,67332,67332,60832,60832,60832,56864,56864,56864,47888,47888,47888,39442,39442,39442,36194,36194,36194
_site/images/news/20140709-tibsun.png,54066,600x300,True,PNG,None,51522,51522,48470,48470,48470,46164,46164,46164,43692,43692,43692,35248,35248,35248,33066,33066,33066,30288,30288,30288,22056,22056,22056,19752,19752,19752,17236,17236,17236
_site/images/news/20190106-missions-2x.png,186040,1200x600,False,PNG,None,164846,N/A,N/A,N/A,80064,N/A,N/A,70580,N/A,N/A,67104,N/A,N/A,66120,N/A,N/A,53798,N/A,N/A,50800,N/A,N/A,50838,N/A,N/A,37018,N/A,N/A,35016
_site/images/news/20131209-d2-asset-browser.png,77548,600x431,True,PNG,None,77492,77492,34414,34414,34414,28546,28546,28546,27022,27022,27022,26726,26726,26726,20874,20874,20874,19684,19684,19684,17292,17292,17292,12920,12920,12920,12084,12084,12084
_site/images/news/20160821-sneakpeek-content-installer.png,39728,600x300,False,PNG,None,37268,N/A,N/A,N/A,23368,N/A,N/A,18972,N/A,N/A,18638,N/A,N/A,19928,N/A,N/A,15860,N/A,N/A,15394,N/A,N/A,15832,N/A,N/A,12074,N/A,N/A,11772
_site/images/news/20200303-specarmy.png,88431,1200x600,False,PNG,None,56146,N/A,N/A,N/A,58226,N/A,N/A,48256,N/A,N/A,47584,N/A,N/A,47302,N/A,N/A,39086,N/A,N/A,38278,N/A,N/A,37592,N/A,N/A,29328,N/A,N/A,28414
_site/images/news/20161223-new-logo-facebook.png,246666,700x350,False,PNG,None,222416,N/A,N/A,N/A,44852,N/A,N/A,36798,N/A,N/A,35010,N/A,N/A,35818,N/A,N/A,28168,N/A,N/A,26122,N/A,N/A,25444,N/A,N/A,17958,N/A,N/A,16430
_site/images/news/20180825-badges-lowdpi.png,49682,600x300,False,PNG,None,43000,N/A,N/A,N/A,26786,N/A,N/A,21682,N/A,N/A,21180,N/A,N/A,23170,N/A,N/A,17692,N/A,N/A,17280,N/A,N/A,18490,N/A,N/A,13348,N/A,N/A,12818
_site/images/news/20170421-ra-gapgen.png,54168,599x300,False,PNG,None,41806,N/A,N/A,N/A,22564,N/A,N/A,16574,N/A,N/A,15182,N/A,N/A,18110,N/A,N/A,12002,N/A,N/A,10632,N/A,N/A,12620,N/A,N/A,7582,N/A,N/A,6664
_site/images/news/20170110-stats-languages.png,18211,599x300,False,PNG,None,13324,N/A,N/A,N/A,11714,N/A,N/A,8454,N/A,N/A,8256,N/A,N/A,10620,N/A,N/A,6974,N/A,N/A,6730,N/A,N/A,7954,N/A,N/A,5080,N/A,N/A,4750
_site/images/news/20131130-allies02.png,62206,600x300,True,PNG,None,56830,56830,39624,39624,39624,32640,32640,32640,30694,30694,30694,31366,31366,31366,24962,24962,24962,23174,23174,23174,22546,22546,22546,16586,16586,16586,15132,15132,15132
_site/images/news/20241116-map-editor.webp,1293726,1275x939,False,WEBP,Unknown,1292560,N/A,N/A,N/A,177504,N/A,N/A,156028,N/A,N/A,144070,N/A,N/A,113028,N/A,N/A,98370,N/A,N/A,83220,N/A,N/A,62334,N/A,N/A,48590,N/A,N/A,40566
_site/images/news/20200426-glprofile.png,79865,1300x850,True,PNG,None,52158,52158,96780,96780,96780,80814,80814,80814,77706,77706,77706,78384,78384,78384,61824,61824,61824,59132,59132,59132,59396,59396,59396,41954,41954,41954,40256,40256,40256
_site/images/news/20141012-connection.png,78378,600x300,True,PNG,None,68162,68162,47746,47746,47746,42118,42118,42118,40310,40310,40310,36390,36390,36390,31906,31906,31906,29428,29428,29428,25158,25158,25158,19698,19698,19698,17462,17462,17462
_site/images/news/20151031-td.gif,2532196,600x300,True,GIF,None,49318,49318,7656,7656,7656,6848,6848,6848,6102,6102,6102,4326,4326,4326,3790,3790,3790,3430,3430,3430,2372,2372,2372,1914,1914,1914,1788,1788,1788
_site/images/news/20150405-ra-random-lobby.png,17364,600x300,False,PNG,None,7862,N/A,N/A,N/A,20594,N/A,N/A,15164,N/A,N/A,14728,N/A,N/A,17630,N/A,N/A,12470,N/A,N/A,12008,N/A,N/A,13992,N/A,N/A,9630,N/A,N/A,9210
_site/images/news/20180102-airstrike.png,68889,600x300,True,PNG,None,60822,60822,41040,41040,41040,37956,37956,37956,36268,36268,36268,29982,29982,29982,26430,26430,26430,24044,24044,24044,18066,18066,18066,13796,13796,13796,10914,10914,10914
_site/images/news/20170408-yak-gap.png,58432,600x300,False,PNG,None,43446,N/A,N/A,N/A,32040,N/A,N/A,26024,N/A,N/A,24318,N/A,N/A,25118,N/A,N/A,19598,N/A,N/A,18006,N/A,N/A,18332,N/A,N/A,12822,N/A,N/A,11634
_site/images/news/20160821-sneakpeek-ai-capturing.png,83905,600x300,False,PNG,None,46738,N/A,N/A,N/A,48520,N/A,N/A,46994,N/A,N/A,45910,N/A,N/A,36384,N/A,N/A,34144,N/A,N/A,32242,N/A,N/A,23454,N/A,N/A,19940,N/A,N/A,17166
_site/images/news/20140405-d2k.png,75455,600x300,True,PNG,None,57492,57492,57832,57832,57832,54954,54954,54954,53310,53310,53310,43246,43246,43246,40324,40324,40324,37666,37666,37666,28144,28144,28144,23612,23612,23612,20978,20978,20978
_site/images/news/20150808-cnc-lobby.png,100201,600x300,False,PNG,None,94682,N/A,N/A,N/A,18212,N/A,N/A,14876,N/A,N/A,13952,N/A,N/A,15502,N/A,N/A,11684,N/A,N/A,11084,N/A,N/A,11990,N/A,N/A,7928,N/A,N/A,7188
_site/images/news/20170401-french-bonus.gif,843462,319x245,True,GIF,None,23574,23574,15038,15038,15038,13232,13232,13232,12378,12378,12378,11102,11102,11102,9292,9292,9292,8156,8156,8156,6704,6704,6704,4684,4684,4684,3640,3640,3640
_site/images/news/20170304-mpmodswitch.png,33051,600x300,False,PNG,None,23626,N/A,N/A,N/A,10736,N/A,N/A,8478,N/A,N/A,8164,N/A,N/A,9294,N/A,N/A,6992,N/A,N/A,6608,N/A,N/A,7890,N/A,N/A,5326,N/A,N/A,5030
_site/images/news/20131209-d2k-soft-spice.png,44508,600x300,True,PNG,None,39526,39526,51970,51970,51970,50948,50948,50948,49148,49148,49148,36486,36486,36486,35200,35200,35200,33046,33046,33046,21816,21816,21816,19678,19678,19678,16918,16918,16918
_site/images/news/20190606-savegame-d2k.png,26666,1200x700,False,PNG,None,21168,N/A,N/A,N/A,9850,N/A,N/A,6744,N/A,N/A,6496,N/A,N/A,8894,N/A,N/A,5876,N/A,N/A,5748,N/A,N/A,8516,N/A,N/A,4972,N/A,N/A,4890
_site/images/news/20151129-d2k-production-decorations.png,19344,302x151,False,PNG,None,15558,N/A,N/A,N/A,15670,N/A,N/A,13696,N/A,N/A,12964,N/A,N/A,11794,N/A,N/A,10240,N/A,N/A,9358,N/A,N/A,7804,N/A,N/A,6472,N/A,N/A,5702
_site/images/news/20160508-newspost-banner.png,108629,700x150,True,PNG,None,80988,80884,37586,37586,37510,33086,33086,33026,31784,31784,31724,29910,29910,29834,25798,25798,25738,23950,23950,23890,21894,21894,21818,17028,17028,16968,15630,15630,15570
_site/images/news/20150118-ts-heightmaps.png,63491,600x300,True,PNG,None,53628,53628,60692,60692,60692,57872,57872,57872,56074,56074,56074,45554,45554,45554,44062,44062,44062,41630,41630,41630,30114,30114,30114,27178,27178,27178,24922,24922,24922
_site/images/news/20170408-td-map-pool.png,50978,600x300,False,PNG,None,32940,N/A,N/A,N/A,33616,N/A,N/A,27724,N/A,N/A,26954,N/A,N/A,28002,N/A,N/A,22344,N/A,N/A,21664,N/A,N/A,21392,N/A,N/A,16318,N/A,N/A,15638
_site/images/news/20151031-fixes.png,6523,600x300,True,PNG,None,5902,5902,14070,14070,14070,8668,8668,8668,8484,8484,8484,11456,11456,11456,7194,7194,7194,6968,6968,6968,8626,8626,8626,5196,5196,5196,4994,4994,4994
_site/images/news/20131130-cnc.png,66901,600x300,True,PNG,None,58760,58760,53968,53968,53968,52572,52572,52572,51704,51704,51704,40332,40332,40332,39194,39194,39194,37252,37252,37252,26740,26740,26740,23820,23820,23820,21144,21144,21144
_site/images/news/20221203-transient.png,1260305,800x700,True,PNG,Unknown,896068,896068,94174,94174,94174,90026,90026,90026,83954,83954,83954,65916,65916,65916,61016,61016,61016,58182,58182,58182,40220,40220,40220,37272,37272,37272,35218,35218,35218
_site/images/news/20180923-techtooltips-lowdpi.png,309995,600x300,False,PNG,None,289216,N/A,N/A,N/A,27362,N/A,N/A,24180,N/A,N/A,22482,N/A,N/A,18748,N/A,N/A,15942,N/A,N/A,14068,N/A,N/A,11332,N/A,N/A,8378,N/A,N/A,7576
_site/images/news/20190106-missions.png,125650,600x300,False,PNG,None,116522,N/A,N/A,N/A,34702,N/A,N/A,30680,N/A,N/A,28954,N/A,N/A,28908,N/A,N/A,22976,N/A,N/A,20984,N/A,N/A,21550,N/A,N/A,15048,N/A,N/A,13482
_site/images/news/20150628-carryall-repair.gif,889134,600x300,True,GIF,None,72492,72492,53738,53738,53738,51434,51434,51434,50376,50376,50376,40158,40158,40158,39214,39214,39214,36602,36602,36602,27206,27206,27206,23982,23982,23982,21360,21360,21360
_site/images/news/20170110-stats-last-launches.png,12302,599x300,False,PNG,None,8324,N/A,N/A,N/A,10726,N/A,N/A,7706,N/A,N/A,7616,N/A,N/A,9168,N/A,N/A,6358,N/A,N/A,6226,N/A,N/A,7150,N/A,N/A,4936,N/A,N/A,4764
_site/images/news/20170110-stats-mod-popularity-per-language.png,15631,599x300,False,PNG,None,6426,N/A,N/A,N/A,18860,N/A,N/A,14124,N/A,N/A,13912,N/A,N/A,16710,N/A,N/A,12066,N/A,N/A,11836,N/A,N/A,13638,N/A,N/A,9630,N/A,N/A,9376
_site/images/news/20140405-beacons.png,61414,600x300,True,PNG,None,54688,54688,43462,43462,43462,37838,37838,37838,35242,35242,35242,32210,32210,32210,27102,27102,27102,24230,24230,24230,20992,20992,20992,16084,16084,16084,14008,14008,14008
_site/images/news/20171014-dmg.png,128579,1200x700,False,PNG,None,109368,N/A,N/A,N/A,32618,N/A,N/A,23210,N/A,N/A,22268,N/A,N/A,26462,N/A,N/A,18386,N/A,N/A,17624,N/A,N/A,19842,N/A,N/A,13036,N/A,N/A,12434
_site/images/news/20170401-mammoth-hats.png,10618,239x211,False,PNG,None,8444,N/A,N/A,N/A,10746,N/A,N/A,9568,N/A,N/A,9078,N/A,N/A,7636,N/A,N/A,6762,N/A,N/A,6330,N/A,N/A,5342,N/A,N/A,4388,N/A,N/A,4190
_site/images/news/20150329-cnc-refund-tooltip.png,98452,599x300,False,PNG,None,69030,N/A,N/A,N/A,50380,N/A,N/A,48122,N/A,N/A,46794,N/A,N/A,38056,N/A,N/A,36012,N/A,N/A,33256,N/A,N/A,24504,N/A,N/A,21598,N/A,N/A,18926
_site/images/news/20150614-ra-mapeditor.png,43499,599x301,True,PNG,None,39682,39682,35164,35164,35164,31432,31432,31432,29838,29838,29838,26504,26504,26504,23012,23012,23012,20830,20830,20830,17776,17776,17776,13126,13126,13126,11190,11190,11190
_site/images/news/20180610-hinds.png,68944,1200x600,True,PNG,None,55056,55056,102562,102562,102562,91252,91252,91252,85646,85646,85646,72394,72394,72394,64274,64274,64274,60596,60596,60596,49166,49166,49166,39108,39108,39108,37102,37102,37102
_site/images/news/20150919-ra-spy.png,33414,600x300,True,PNG,None,31196,31196,31796,31796,31796,24516,24516,24516,23418,23418,23418,24366,24366,24366,18766,18766,18766,17898,17898,17898,18304,18304,18304,13316,13316,13316,12404,12404,12404
_site/images/news/20140709-beacons.png,66304,600x300,True,PNG,None,56950,56950,47728,47728,47728,41558,41558,41558,39926,39926,39926,37946,37946,37946,31968,31968,31968,29948,29948,29948,28250,28250,28250,21312,21312,21312,19314,19314,19314
_site/images/news/20170408-ragl-III.png,194122,705x285,False,PNG,None,154262,N/A,N/A,N/A,19032,N/A,N/A,13752,N/A,N/A,13372,N/A,N/A,15626,N/A,N/A,10564,N/A,N/A,10152,N/A,N/A,11044,N/A,N/A,7378,N/A,N/A,7068
_site/images/news/20191021-ragl.gif,859475,600x300,True,GIF,None,53590,53590,45768,45768,45768,45892,45892,45892,44282,44282,44282,33374,33374,33374,33012,33012,33012,30438,30438,30438,20518,20518,20518,18894,18894,18894,16342,16342,16342
_site/images/news/20170110-stats-avg-match-length.png,5584,599x300,False,PNG,None,3612,N/A,N/A,N/A,8972,N/A,N/A,6256,N/A,N/A,6202,N/A,N/A,7892,N/A,N/A,5380,N/A,N/A,5258,N/A,N/A,6276,N/A,N/A,4298,N/A,N/A,4176
_site/images/news/20180923-colorpicker-lowdpi.png,126108,600x300,False,PNG,None,111562,N/A,N/A,N/A,22018,N/A,N/A,17268,N/A,N/A,16298,N/A,N/A,19204,N/A,N/A,13396,N/A,N/A,12634,N/A,N/A,14264,N/A,N/A,9676,N/A,N/A,9028
_site/images/news/20161015-td-burningtrees.png,23186,599x300,True,PNG,None,21836,21836,42890,42890,42890,38950,38950,38950,37112,37112,37112,31098,31098,31098,27960,27960,27960,26122,26122,26122,20454,20454,20454,17572,17572,17572,16102,16102,16102
_site/images/news/20161223-new-logo-launchers.png,135045,700x300,False,PNG,None,109800,N/A,N/A,N/A,23124,N/A,N/A,18744,N/A,N/A,18292,N/A,N/A,20174,N/A,N/A,15434,N/A,N/A,15006,N/A,N/A,15760,N/A,N/A,11450,N/A,N/A,11014
_site/images/news/20131211-cnc-shroud.png,78030,600x300,True,PNG,None,71006,71006,34558,34558,34558,30640,30640,30640,28320,28320,28320,23010,23010,23010,20784,20784,20784,17616,17616,17616,12650,12650,12650,9946,9946,9946,7990,7990,7990
_site/images/news/20180610-pifps.png,32416,600x300,True,PNG,None,29188,29188,50558,50558,50558,45826,45826,45826,43774,43774,43774,38762,38762,38762,34304,34304,34304,32696,32696,32696,28790,28790,28790,24024,24024,24024,22798,22798,22798
_site/images/news/20170110-stats-top-ten-mp-maps.png,32001,599x300,False,PNG,None,29294,N/A,N/A,N/A,16760,N/A,N/A,11282,N/A,N/A,11028,N/A,N/A,14806,N/A,N/A,9300,N/A,N/A,9006,N/A,N/A,11110,N/A,N/A,6790,N/A,N/A,6536
_site/images/news/20150524-ts-ingame-editor.png,123857,600x300,False,PNG,None,84570,N/A,N/A,N/A,50342,N/A,N/A,44916,N/A,N/A,43702,N/A,N/A,38736,N/A,N/A,34536,N/A,N/A,32544,N/A,N/A,26616,N/A,N/A,21344,N/A,N/A,19704
_site/images/news/20150424-ra-refund-tooltip.png,80007,599x300,False,PNG,None,57132,N/A,N/A,N/A,48428,N/A,N/A,49208,N/A,N/A,47652,N/A,N/A,36160,N/A,N/A,36102,N/A,N/A,33600,N/A,N/A,22624,N/A,N/A,21920,N/A,N/A,19046
_site/images/news/20140405-potm-banner.jpg,19958,600x224,False,JPG,None,118020,N/A,N/A,N/A,12032,N/A,N/A,9192,N/A,N/A,8832,N/A,N/A,8726,N/A,N/A,6648,N/A,N/A,6352,N/A,N/A,5692,N/A,N/A,4328,N/A,N/A,4090
_site/images/appdata/cnc.png,94640,296x196,True,PNG,Unknown,29118,29118,22990,22990,22990,21238,21238,21238,20664,20664,20664,18528,18528,18528,16758,16758,16758,15806,15806,15806,13240,13240,13240,11638,11638,11638,10476,10476,10476
_site/images/appdata/d2k.png,113401,296x196,True,PNG,None,24434,24434,21148,21148,21148,18796,18796,18796,17928,17928,17928,15792,15792,15792,13932,13932,13932,12760,12760,12760,10652,10652,10652,8626,8626,8626,7692,7692,7692
_site/images/appdata/ra.png,68187,296x196,True,PNG,None,21356,21356,19418,19418,19418,17530,17530,17530,17014,17014,17014,15120,15120,15120,12902,12902,12902,11842,11842,11842,10330,10330,10330,7950,7950,7950,7028,7028,7028
_site/images/icons/ts_32x32.png,3396,32x32,True,PNG,None,1460,992,1682,1670,812,1452,1380,728,1446,1374,724,1602,1590,738,1334,1262,616,1324,1252,606,1460,1448,602,1198,1126,488,1186,1114,478
_site/images/news/20140927-sidebars.png,39461,600x350,True,PNG,None,36752,36752,38412,38412,38412,31586,31586,31586,29934,29934,29934,30432,30432,30432,24368,24368,24368,22944,22944,22944,23102,23102,23102,17098,17098,17098,16002,16002,16002
_site/images/appdata/modchooser.png,215102,960x540,False,PNG,Unknown,128488,N/A,N/A,N/A,54338,N/A,N/A,43420,N/A,N/A,41326,N/A,N/A,44254,N/A,N/A,34058,N/A,N/A,31804,N/A,N/A,32984,N/A,N/A,23422,N/A,N/A,21972
_site/images/icons/ra_32x32.png,1588,32x32,True,PNG,None,1350,1118,834,834,422,674,674,398,662,662,386,762,762,354,604,604,332,590,590,320,694,694,276,526,526,254,520,520,246
_site/images/appdata/ingame-ra.png,56776,624x351,True,PNG,None,44876,44876,49760,49760,49760,42384,42384,42384,40662,40662,40662,39414,39414,39414,32654,32654,32654,30766,30766,30766,28728,28728,28728,21994,21994,21994,20348,20348,20348
_site/images/icons/d2k_32x32.png,2105,32x32,True,PNG,None,1590,1286,710,710,306,594,594,314,586,586,302,726,726,330,524,524,252,526,526,248,666,666,264,480,480,200,476,476,194
_site/images/icons/ra_64x64.png,3361,64x64,True,PNG,None,2604,1734,1862,1854,974,1446,1432,830,1420,1406,806,1732,1724,846,1288,1274,674,1260,1246,644,1550,1542,660,1108,1094,494,1088,1074,480
_site/images/icons/d2k_64x64.png,7532,64x64,True,PNG,None,5830,5024,2600,2558,1368,2246,1872,1162,1958,1840,1128,2346,2304,1140,2010,1636,952,1728,1610,918,2124,2082,904,1788,1414,702,1508,1390,668
_site/images/icons/cnc_32x32.png,2569,32x32,True,PNG,None,1708,1424,932,932,568,738,738,488,724,724,474,872,872,508,654,654,404,640,640,390,726,726,362,534,534,284,512,512,262
_site/images/appdata/ingame-cnc.png,98080,624x351,True,PNG,None,84054,84054,68434,68434,68434,65624,65624,65624,63522,63522,63522,52170,52170,52170,48854,48854,48854,45714,45714,45714,35436,35436,35436,30512,30512,30512,27036,27036,27036
_site/images/news/20190606-map-previews.gif,533250,1200x700,True,GIF,None,209212,209212,200314,200314,200314,183380,183380,183380,174634,174634,174634,153322,153322,153322,136820,136820,136820,125942,125942,125942,106938,106938,106938,87194,87194,87194,77014,77014,77014
_site/images/icons/linux-mirrors/flatpak.png,5244,48x48,True,PNG,None,2466,1872,1416,1384,656,1150,1032,504,1074,1024,494,1344,1312,580,1076,958,428,994,944,416,1234,1202,478,978,860,336,900,850,326
_site/images/icons/cnc_64x64.png,7547,64x64,True,PNG,None,4562,4036,2172,2156,1444,1722,1704,1212,1706,1688,1196,1978,1962,1250,1502,1484,992,1468,1450,958,1670,1654,942,1256,1238,746,1198,1180,688
_site/images/icons/ts_64x64.png,5694,64x64,True,PNG,None,3892,2608,4112,4120,1936,3772,3470,1750,3712,3454,1730,3946,3954,1760,3484,3182,1466,3428,3170,1460,3590,3598,1422,3134,2832,1130,3072,2814,1098
_site/images/news/20231010-darktournament.png,785069,800x700,True,PNG,None,419522,419522,30738,30738,30738,23778,23778,23778,23108,23108,23108,25230,25230,25230,18360,18360,18360,17706,17706,17706,18404,18404,18404,12830,12830,12830,12244,12244,12244
_site/images/appdata/ingame-d2k.png,103761,624x351,True,PNG,None,88810,88810,68202,68202,68202,64684,64684,64684,62552,62552,62552,50446,50446,50446,48050,48050,48050,44734,44734,44734,33696,33696,33696,28088,28088,28088,24946,24946,24946
_site/images/appdata/multiplayer.png,97192,880x495,True,PNG,None,80764,80764,58234,58234,58234,50332,50332,50332,47742,47742,47742,47990,47990,47990,39088,39088,39088,36674,36674,36674,36606,36606,36606,26482,26482,26482,24188,24188,24188
_site/images/icons/chocolatey/ra_128x128.png,8208,128x128,True,PNG,None,5396,3932,3642,3862,2150,2904,2874,1784,2848,2818,1728,3498,3718,2006,2572,2542,1452,2508,2478,1388,3006,3226,1514,2146,2116,1026,2092,2062,972
_site/images/news/20161223-new-logo.png,150772,512x512,True,PNG,None,129736,112242,51972,54658,38566,42022,39698,30414,40860,38840,29466,46202,48888,32882,36000,33676,24458,34782,32762,23490,38474,41160,25142,28876,26552,17406,27912,25892,16600
_site/images/bg-logos.png,106370,2400x558,True,PNG,None,91310,90462,262108,262108,113348,178422,178422,92304,168550,170968,89696,239814,239814,92156,158352,158352,73514,148298,150716,70498,209692,209692,63022,130584,130584,47176,119306,121724,43012
_site/images/news/20170812-ragl-IV.png,125681,574x285,True,PNG,None,108260,88884,44724,43404,20130,30724,27256,14348,28868,26688,13772,40718,39398,16268,27330,23862,10936,25494,23314,10448,36328,35008,11856,23920,20452,7594,22252,20072,7218
_site/images/news/20180317-ragl-V.png,124606,574x285,True,PNG,None,107266,88084,44484,43160,20070,30442,26996,14172,28594,26460,13638,40462,39138,16190,27124,23678,10810,25256,23122,10296,36088,34764,11800,23744,20298,7572,22042,19908,7156
_site/images/news/20190209-ragl-banner.png,141609,700x230,True,PNG,None,113524,95374,37002,35396,17616,27518,22960,13672,25476,22366,13052,33624,32018,14432,24430,19872,10536,22406,19296,10006,29740,28134,10530,21080,16522,7230,19132,16022,6750
_site/images/community/resource-sites.png,233728,720x460,True,PNG,None,173250,165520,34614,31810,25908,25200,23478,20268,23920,22100,19330,29026,26222,20380,20364,18642,15398,19230,17410,14614,23610,20806,14900,15702,13980,10752,14720,12900,10112
_site/images/community/social-media-sites.png,132915,720x460,True,PNG,None,85794,78150,35222,32824,26052,26288,24290,20596,25074,23576,19894,30850,28452,21714,22108,20110,16444,20854,19356,15702,26070,23672,16934,17582,15584,11900,16266,14768,11094
_site/images/community/discussion-sites.png,137282,720x460,True,PNG,None,89638,81148,30178,27900,21730,22070,20120,16814,20902,19310,16098,25738,23460,17286,18302,16352,13050,17048,15456,12246,21194,18916,12746,14506,12556,9270,13440,11848,8656
_site/images/community/help-the-devs-sites.png,134046,720x460,True,PNG,None,91958,83882,41296,39520,33286,32538,30566,27110,31296,29724,26346,35262,33486,27244,27078,25106,21652,25670,24098,20722,28454,26678,20436,21076,19104,15642,19568,17996,14614
_site/images/community/gaming-community-sites.png,299598,720x460,True,PNG,None,213594,199424,49560,46592,39998,38494,36250,32656,36668,34752,31228,41266,38298,31704,30960,28716,25130,29256,27340,23824,33538,30570,23964,23442,21198,17602,21844,19928,16404
_site/images/news/20181003-ragl-vi.png,168679,700x310,True,PNG,None,136462,113348,50242,47186,20706,35344,29070,15710,32752,28386,14980,46736,43680,17272,31742,25468,12150,29190,24824,11552,42376,39320,12710,28024,21750,8452,25510,21144,7866
